Instance,Edges,k,Seed,Objective,Total Time (s),Best Num Evals,Best Actual Time (s)
howe1,37,2,3520,120.136,169.324,343488,72.6036
howe1,37,2,8115,113.985,171.298,389313,83.9385
howe1,37,2,8647,119.127,170.29,236548,54.1031
howe1,37,2,9420,120.136,169.635,202590,47.3827
howe1,37,2,3116,112.871,166.244,269884,60.9046
howe1,37,2,6377,123.734,176.462,826731,149.731
howe1,37,2,6207,121.989,174.304,326565,72.2944
howe1,37,2,4187,127.003,179.07,378138,78.2429
howe1,37,2,3641,119.433,179.359,435518,92.1989
howe1,37,2,8591,133.391,182.596,188075,44.9908
howe1,37,2,3580,115.433,175.536,334222,73.8855
howe1,37,2,8524,113.706,169.419,664597,121.355
howe1,37,2,2650,126.829,178.34,294423,66.1719
howe1,37,2,2811,123.829,175.682,284482,59.8055
howe1,37,2,9963,115.013,180.309,453081,95.9432
howe1,37,2,7537,116.565,171.294,608578,111.355
howe1,37,2,3472,116.994,174.071,676846,125.388
howe1,37,2,3714,117.811,168.786,553960,100.932
howe1,37,2,8158,130.523,178.9,290303,62.4085
howe1,37,2,7284,120.154,178.635,688084,130.31
howe1,37,2,6948,120.25,163.297,189662,41.0862
howe1,37,2,6119,120.136,174.512,266659,62.9048
howe1,37,2,5253,121.112,175.984,442199,90.4126
howe1,37,2,5134,124.25,177.128,251104,58.0942
howe1,37,2,7350,130.112,183.048,926142,170.479
howe1,37,2,2652,121.4,177.399,292150,63.7685
howe1,37,2,9968,116.268,169.497,278951,60.8344
howe1,37,2,3914,120.145,176.07,308116,71.2619
howe1,37,2,6899,117.82,179.592,316277,69.5774
howe1,37,2,4715,127.82,178.808,283381,64.1836
howe1,37,4,3520,91.8204,232.111,811534,191.915
howe1,37,4,8115,78.9945,219.14,209283,57.7071
howe1,37,4,8647,73.8623,196.323,235596,60.7677
howe1,37,4,9420,73.8623,208.11,376160,93.8451
howe1,37,4,3116,77.5468,209.339,244236,65.5553
howe1,37,4,6377,78.8531,208.188,232843,61.8116
howe1,37,4,6207,72.4147,204.501,441041,105.742
howe1,37,4,4187,68.7209,192.349,277515,70.8812
howe1,37,4,3641,70.9945,205.552,987629,203.132
howe1,37,4,8591,74.8531,202.853,395992,91.6255
howe1,37,4,3580,71.1685,197.926,678419,146.184
howe1,37,4,8524,75.9852,198.656,293019,72.5626
howe1,37,4,2650,74.268,200.329,244349,61.4726
howe1,37,4,2811,75.7064,204.875,312340,80.536
howe1,37,4,9963,79.5887,213.434,630231,142.073
howe1,37,4,7537,73.5468,203.839,868884,180.695
howe1,37,4,3472,82.679,222.634,613459,143.7
howe1,37,4,3714,78.8531,208.416,246822,64.4802
howe1,37,4,8158,78.2733,204.264,215670,55.0902
howe1,37,4,7284,71.2825,192.669,223652,58.6858
howe1,37,4,6948,65.1411,183.847,342314,81.0232
howe1,37,4,6119,72.5468,205.229,249301,64.0555
howe1,37,4,5253,78.5561,201.991,220433,55.0302
howe1,37,4,5134,75.9945,198.993,271265,70.909
howe1,37,4,7350,85.2915,219.738,287991,72.4082
howe1,37,4,2652,76.5561,213.721,285418,73.7084
howe1,37,4,9968,73.5561,200.821,289428,73.7516
howe1,37,4,3914,80.4147,211.369,251444,64.2779
howe1,37,4,6899,72.3007,200.29,809758,166.221
howe1,37,4,4715,68.5468,197.481,290143,72.4399
howe1,37,8,3520,52.5468,254.609,395079,117.326
howe1,37,8,8115,51.3007,244.744,297570,87.1743
howe1,37,8,8647,49.1411,250.972,536866,151.623
howe1,37,8,9420,51.4239,261.973,339384,105.588
howe1,37,8,3116,49.1503,238.648,295840,87.5787
howe1,37,8,6377,56.5561,278.931,436970,130.212
howe1,37,8,6207,49.1503,248.291,410632,117.289
howe1,37,8,4187,49.2917,254.219,362502,106.396
howe1,37,8,3641,52.2643,247.51,369884,106.409
howe1,37,8,8591,49.2917,242.226,555325,148.362
howe1,37,8,3580,54.2825,254.95,502240,140.525
howe1,37,8,8524,49.3965,244.577,276267,84.592
howe1,37,8,2650,51.4239,256.549,756622,202.129
howe1,37,8,2811,44.2643,233.714,672481,170.354
howe1,37,8,9963,46.4239,234.456,308956,90.6044
howe1,37,8,7537,51.7209,251.221,828829,212.99
howe1,37,8,3472,52.5468,255.827,472737,133.1
howe1,37,8,3714,47.8441,249.057,399607,116.348
howe1,37,8,8158,52.4513,273.475,992151,271.362
howe1,37,8,7284,51.4147,244.315,312215,91.9708
howe1,37,8,6948,53.6882,249.2,378063,110.28
howe1,37,8,6119,49.1503,251.127,339602,101.543
howe1,37,8,5253,47.7301,242.952,365350,104.646
howe1,37,8,5134,49.1411,247.226,371925,106.821
howe1,37,8,7350,49.3965,252.233,331859,99.6753
howe1,37,8,2652,53.6882,252.435,347969,101.685
howe1,37,8,9968,51.4055,268.883,738113,206.247
howe1,37,8,3914,51.4147,245.746,494020,131.93
howe1,37,8,6899,54.7119,257.385,416829,116.643
howe1,37,8,4715,52.1503,251.333,338819,101.003
howe2,63,2,3520,215.719,366.237,664411,263.34
howe2,63,2,8115,223.034,351.692,358536,154.219
howe2,63,2,8647,204.569,365.988,502738,221.516
howe2,63,2,9420,212.851,341.657,361851,154.41
howe2,63,2,3116,203.007,373.628,579344,246.903
howe2,63,2,6377,199.139,360.365,702767,275.641
howe2,63,2,6207,202.427,349.927,493909,204.3
howe2,63,2,4187,220.541,372.234,419286,191.547
howe2,63,2,3641,204.761,363.683,659689,263.16
howe2,63,2,8591,219.554,379.976,519413,231.103
howe2,63,2,3580,204.29,347.101,858448,305.297
howe2,63,2,8524,203.965,356.349,452207,199.805
howe2,63,2,2650,215.007,373.099,434098,198.871
howe2,63,2,2811,213.445,375.983,601819,256.8
howe2,63,2,9963,208.016,352.396,538334,220.162
howe2,63,2,7537,207.842,362.231,415531,190.49
howe2,63,2,3472,207.559,369.996,624624,259.014
howe2,63,2,3714,223.437,366.299,374670,170.401
howe2,63,2,8158,222.848,368.296,627403,253.178
howe2,63,2,7284,215.545,365.529,376784,174.655
howe2,63,2,6948,209.518,375.742,725441,292.56
howe2,63,2,6119,203.569,358.914,726763,280.231
howe2,63,2,5253,202.857,377.559,851848,334.194
howe2,63,2,5134,195.034,336.055,384775,166.213
howe2,63,2,7350,206.262,341.503,375292,162.631
howe2,63,2,2652,213.445,365.763,604209,247.921
howe2,63,2,9968,206.728,362.792,454599,199.649
howe2,63,2,3914,198.308,362.155,651198,264.433
howe2,63,2,6899,214.568,360.904,478472,205.643
howe2,63,2,4715,218.719,375.906,612288,253.223
howe2,63,4,3520,133.286,433.992,408197,213
howe2,63,4,8115,131.013,429.823,446386,227.528
howe2,63,4,8647,118.31,406.255,604302,277.138
howe2,63,4,9420,138.829,437.852,365334,196.189
howe2,63,4,3116,130.127,417.41,488449,237.73
howe2,63,4,6377,141.602,448.201,614798,304.367
howe2,63,4,6207,126.829,429.134,581595,291.322
howe2,63,4,4187,130.314,430.531,487110,246.665
howe2,63,4,3641,135.725,426.53,423288,216.701
howe2,63,4,8591,125.592,429.157,714825,327.531
howe2,63,4,3580,124.469,438.594,575285,291.974
howe2,63,4,8524,144.574,448.411,604955,294.708
howe2,63,4,2650,133.163,426.304,673006,308.346
howe2,63,4,2811,135.121,418.834,505716,243.358
howe2,63,4,9963,138.725,440.243,380534,203.619
howe2,63,4,7537,145.559,436.963,349405,188.584
howe2,63,4,3472,153.98,459.999,365924,202.091
howe2,63,4,3714,137.838,412.934,325559,166.567
howe2,63,4,8158,136.857,420.673,326583,177.386
howe2,63,4,7284,123.853,383.443,499455,226.039
howe2,63,4,6948,127.551,371.712,423890,185.516
howe2,63,4,6119,136.706,402.847,347919,170.447
howe2,63,4,5253,133.172,390.024,424496,202.5
howe2,63,4,5134,132.277,398.364,493882,228.112
howe2,63,4,7350,142.409,416.689,420412,211.975
howe2,63,4,2652,125.592,401.594,633170,280.595
howe2,63,4,9968,156.121,425.491,300582,155.974
howe2,63,4,3914,134.433,410.437,464488,227.624
howe2,63,4,6899,125.46,390.853,499136,233.274
howe2,63,4,4715,139.13,390.157,366022,171.744
howe2,63,8,3520,94.8531,498.443,898132,452.744
howe2,63,8,8115,90.154,490.01,672666,349.844
howe2,63,8,8647,81.8623,492.953,649075,352.95
howe2,63,8,9420,92.4147,497.163,353339,205.673
howe2,63,8,3116,97.1174,492.044,422333,234.916
howe2,63,8,6377,86.2733,487.666,466808,264.323
howe2,63,8,6207,93.0218,508.208,581262,318.113
howe2,63,8,4187,94.2825,490.097,408198,225.993
howe2,63,8,3641,77.5561,444.717,434200,228.824
howe2,63,8,8591,91.0037,474.508,320122,180.813
howe2,63,8,3580,93.4513,514.343,548697,312.4
howe2,63,8,8524,95.565,495.219,319368,180.848
howe2,63,8,2650,91.2733,491.01,830347,416.952
howe2,63,8,2811,91.9945,476.513,427094,227.333
howe2,63,8,9963,99.2825,496.744,326955,183.501
howe2,63,8,7537,91.679,497.115,474020,264.848
howe2,63,8,3472,88.3007,477.052,370355,209.446
howe2,63,8,3714,92.4239,489.939,431547,245.337
howe2,63,8,8158,88.5323,487.813,452397,249.177
howe2,63,8,7284,90.9944,475.137,360737,199.892
howe2,63,8,6948,93.5376,499.963,423518,243.952
howe2,63,8,6119,102.829,527.771,464008,272.219
howe2,63,8,5253,85.0218,461.587,458926,241.451
howe2,63,8,5134,88.2915,459.643,704814,338.787
howe2,63,8,7350,96.7301,500.179,778775,395.798
howe2,63,8,2652,90.4329,474.398,363250,200.41
howe2,63,8,9968,85.5376,482.299,478308,262.462
howe2,63,8,3914,82.5834,457.293,523666,272.329
howe2,63,8,6899,87.2825,494.228,547284,299.07
howe2,63,8,4715,87.7064,506.676,646982,357.363
howe3,89,2,3520,304.686,585.622,642299,417.237
howe3,89,2,8115,276.353,591.661,911974,554.381
howe3,89,2,8647,302.987,639.99,729950,515.916
howe3,89,2,9420,314.822,607.097,505531,371.994
howe3,89,2,3116,304.672,633.85,740806,512.294
howe3,89,2,6377,333.339,637.208,616085,446.481
howe3,89,2,6207,281.695,631.388,875605,578.26
howe3,89,2,4187,313.545,639.557,791800,539.659
howe3,89,2,3641,309.846,648.486,836842,570.969
howe3,89,2,8591,290.302,587.68,765412,481.489
howe3,89,2,3580,327.002,639.239,594671,443.97
howe3,89,2,8524,305.992,632.43,792017,536.188
howe3,89,2,2650,281.477,601.623,831657,528.529
howe3,89,2,2811,309.416,622.434,709651,486.075
howe3,89,2,9963,303.987,618.64,642964,451.423
howe3,89,2,7537,308.548,620.822,664817,460.823
howe3,89,2,3472,309.581,638.56,929356,604.499
howe3,89,2,3714,318.878,619.008,643056,451.083
howe3,89,2,8158,298.713,646.456,755996,532.495
howe3,89,2,7284,309.02,597.854,591731,405.689
howe3,89,2,6948,302.837,616.997,692610,472.898
howe3,89,2,6119,323.915,645.668,806691,549.143
howe3,89,2,5253,317.124,630.79,762794,516.174
howe3,89,2,5134,302.527,613.936,670394,463.534
howe3,89,2,7350,304.969,616.76,889223,566.039
howe3,89,2,2652,294.119,617.414,981011,608.486
howe3,89,2,9968,326.33,648.888,876542,585.405
howe3,89,2,3914,296.275,632.108,869732,573.969
howe3,89,2,6899,289.572,581.365,820776,501.709
howe3,89,2,4715,317.576,637.605,649751,471.479
howe3,89,4,3520,203.559,675.076,507428,415.352
howe3,89,4,8115,187.715,677.832,676356,503.733
howe3,89,4,8647,199.838,688.99,644150,493.617
howe3,89,4,9420,190.139,731.713,841074,648.993
howe3,89,4,3116,195.578,669.19,685025,499.812
howe3,89,4,6377,204.527,700.988,548238,444.33
howe3,89,4,6207,209.857,704.377,717654,541.369
howe3,89,4,4187,206.697,677.321,471582,380.434
howe3,89,4,3641,194.683,688.863,672557,511.901
howe3,89,4,8591,202.743,684.726,558654,439.668
howe3,89,4,3580,186.148,641.795,665398,470.115
howe3,89,4,8524,198.121,666.3,607847,450.431
howe3,89,4,2650,202.13,714.647,781433,594.743
howe3,89,4,2811,188.002,683.142,736539,545.011
howe3,89,4,9963,188.587,630.072,579175,414.335
howe3,89,4,7537,203.112,671.91,548231,425.277
howe3,89,4,3472,201.308,684.057,684593,508.611
howe3,89,4,3714,192.286,649.028,770867,528.752
howe3,89,4,8158,184.725,673.884,810536,576.997
howe3,89,4,7284,176.286,647.011,864230,578.937
howe3,89,4,6948,194.418,675.744,868116,606.039
howe3,89,4,6119,200.29,670.257,552106,423.613
howe3,89,4,5253,184.395,645.153,555653,414.46
howe3,89,4,5134,190.286,658.83,737252,522.943
howe3,89,4,7350,193.031,636.488,525166,381.7
howe3,89,4,2652,191.706,665.037,690278,500.363
howe3,89,4,9968,187.277,644.42,598209,442.383
howe3,89,4,3914,195.04,697.253,610515,483.933
howe3,89,4,6899,199.989,646.743,466166,361.113
howe3,89,4,4715,199.445,632.107,532079,391.369
howe3,89,8,3520,125.277,723.757,457013,389.237
howe3,89,8,8115,132.625,782.207,980841,769.238
howe3,89,8,8647,142.583,779.211,498095,432.307
howe3,89,8,9420,148.875,802.272,533802,471.042
howe3,89,8,3116,126.848,745.939,718941,568.681
howe3,89,8,6377,139.971,780.576,642047,539.15
howe3,89,8,6207,145.532,806.162,587893,510.175
howe3,89,8,4187,118.433,735.71,803425,621.912
howe3,89,8,3641,128.716,773.72,984911,763.836
howe3,89,8,8591,137.848,781.17,743209,611.058
howe3,89,8,3580,126.328,753.052,764160,606.765
howe3,89,8,8524,135.424,786.702,714427,598.284
howe3,89,8,2650,117.706,746.876,839271,651.843
howe3,89,8,2811,143.455,782.122,467963,417.507
howe3,89,8,9963,131.295,733.441,470493,392.655
howe3,89,8,7537,141.578,804.539,637511,548.244
howe3,89,8,3472,124.706,754.814,676123,547.967
howe3,89,8,3714,122.839,748.49,672913,544.53
howe3,89,8,8158,139.574,786.828,440836,397.432
howe3,89,8,7284,127.994,771.643,828775,665.123
howe3,89,8,6948,136.031,765.952,542523,459.698
howe3,89,8,6119,126.003,768.218,774580,626.182
howe3,89,8,5253,135.551,755.764,536698,452.617
howe3,89,8,5134,133.418,770.017,671151,558.403
howe3,89,8,7350,117.706,710.803,931805,671.044
howe3,89,8,2652,143.433,774.036,432952,383.52
howe3,89,8,9968,124.565,752.757,596560,498.351
howe3,89,8,3914,131.947,771.382,506661,450.766
howe3,89,8,6899,137.163,754.456,548043,459.771
howe3,89,8,4715,129.428,756.57,587231,494.648
howe4,115,2,3520,394.357,898.444,963614,874.223
howe4,115,2,8115,395.534,943.701,975798,927.597
howe4,115,2,8647,392.976,956.648,884066,882.602
howe4,115,2,9420,403.444,910.76,807794,784.694
howe4,115,2,3116,416.297,1043.44,991186,1036.95
howe4,115,2,6377,406.726,1000.57,957382,971.911
howe4,115,2,6207,398.919,945.008,997906,943.013
howe4,115,2,4187,415.297,905.173,706604,709.015
howe4,115,2,3641,399.9,1001.94,1000097,1001.45
howe4,115,2,8591,390.741,939.154,975978,923.164
howe4,115,2,3580,405.858,933.065,995083,929.259
howe4,115,2,8524,388.585,930.647,990017,923.894
howe4,115,2,2650,392.293,973.816,883855,898.527
howe4,115,2,2811,409.9,971.577,997543,969.253
howe4,115,2,9963,396.867,915.717,858084,825.528
howe4,115,2,7537,398.576,986.778,992262,981.22
howe4,115,2,3472,432.534,1015.52,937651,970.644
howe4,115,2,3714,410.288,936.049,872250,849.675
howe4,115,2,8158,418.835,1000.36,1000970,1000.34
howe4,115,2,7284,404.444,969.472,908295,910.181
howe4,115,2,6948,419.438,906.837,998034,904.979
howe4,115,2,6119,404.225,907.268,985115,897.591
howe4,115,2,5253,404.032,896.089,993955,891.823
howe4,115,2,5134,391.324,863.796,1000006,863.301
howe4,115,2,7350,374.745,844.785,997757,842.984
howe4,115,2,2652,365.891,845.987,893599,786.834
howe4,115,2,9968,391.444,876.744,884006,807.074
howe4,115,2,3914,414.014,874.916,985702,865.542
howe4,115,2,6899,376.982,899.389,995360,896.341
howe4,115,2,4715,432.038,925.877,986993,916.705
howe4,115,4,3520,261.002,1025.78,730480,815.201
howe4,115,4,8115,237.761,955.227,738582,768.805
howe4,115,4,8647,233.993,993.887,974247,975.437
howe4,115,4,9420,255.002,1084.62,993747,1079.19
howe4,115,4,3116,268.203,1042.44,883481,951.028
howe4,115,4,6377,290.44,1074.17,698477,818.492
howe4,115,4,6207,245.413,965.74,995288,961.629
howe4,115,4,4187,254.413,1049.3,995652,1045.4
howe4,115,4,3641,252.148,1021.42,998153,1019.4
howe4,115,4,8591,258.897,1024.62,894616,948.14
howe4,115,4,3580,241.002,963.442,962055,936.815
howe4,115,4,8524,257.338,957.65,790323,812.096
howe4,115,4,2650,259.6,924.179,914191,863.097
howe4,115,4,2811,247.855,975.757,999697,974.893
howe4,115,4,9963,264.965,991.329,743688,804.425
howe4,115,4,7537,271.873,910.106,556642,579.776
howe4,115,4,3472,238.761,943.765,874376,860.057
howe4,115,4,3714,260.605,964.398,801417,817.694
howe4,115,4,8158,257.143,940.986,944171,901.909
howe4,115,4,7284,246.719,936.675,834618,822.607
howe4,115,4,6948,260.002,959.964,670248,714.697
howe4,115,4,6119,256.463,960.565,889161,882.573
howe4,115,4,5253,265.998,963.094,810677,826.641
howe4,115,4,5134,257.609,944.838,848134,836.397
howe4,115,4,7350,244.5,895.169,750661,731.438
howe4,115,4,2652,270.413,968.456,838424,851.442
howe4,115,4,9968,281.308,934.59,606287,636.392
howe4,115,4,3914,246.582,940.375,986429,930.341
howe4,115,4,6899,262.774,994.256,898477,920.866
howe4,115,4,4715,265.563,976.249,950888,938.815
howe4,115,8,3520,167.734,1142,974661,1118.37
howe4,115,8,8115,186.268,1146.6,654363,811.854
howe4,115,8,8647,166.719,1113.59,825973,959.749
howe4,115,8,9420,162.725,1131.5,991190,1123.46
howe4,115,8,3116,175.592,1086.97,988841,1076.55
howe4,115,8,6377,163.587,1066.89,900406,982.2
howe4,115,8,6207,170.346,1096.78,790189,918.904
howe4,115,8,4187,166.839,1056.79,724050,823.515
howe4,115,8,3641,177.148,1123.98,994563,1118.31
howe4,115,8,8591,180.842,1075.1,737854,842.421
howe4,115,8,3580,175.98,1098.91,636711,781.393
howe4,115,8,8524,185.716,1120.41,701466,843.189
howe4,115,8,2650,167.71,1069.3,963544,1038.28
howe4,115,8,2811,160.437,1033.19,992017,1026.02
howe4,115,8,9963,172.031,1086.3,992681,1079.37
howe4,115,8,7537,165.437,1042.92,970519,1018.14
howe4,115,8,3472,172.158,1078.92,845323,944.013
howe4,115,8,3714,181.272,1110,872738,994.46
howe4,115,8,8158,175.016,1037.27,641218,739.426
howe4,115,8,7284,170.455,1095.24,1000059,1094.54
howe4,115,8,6948,167.117,1040.17,994752,1035.01
howe4,115,8,6119,177.158,1074.2,709250,823.421
howe4,115,8,5253,162.89,1060.87,899503,976.068
howe4,115,8,5134,168.536,1083.32,961058,1049.36
howe4,115,8,7350,180.734,1084.94,745552,857.18
howe4,115,8,2652,173.154,1056.95,708703,802.562
howe4,115,8,9968,172.56,1138.48,977181,1117.66
howe4,115,8,3914,168.629,1081.65,959652,1047.13
howe4,115,8,6899,162.706,1034.24,975707,1013.74
howe4,115,8,4715,170.058,1143.06,999512,1141.84
howe5,141,2,3520,526.739,1404.56,978853,1384.75
howe5,141,2,8115,534.154,1475.63,984707,1460.7
howe5,141,2,8647,494.274,1289.95,997410,1286.99
howe5,141,2,9420,548.214,1358.92,998769,1356.78
howe5,141,2,3116,528.42,1420.12,930481,1355.71
howe5,141,2,6377,523.045,1400.27,988398,1388.9
howe5,141,2,6207,497.351,1304.63,982610,1289.11
howe5,141,2,4187,531.739,1382.91,999102,1381.34
howe5,141,2,3641,490.273,1239.29,995412,1234.53
howe5,141,2,8591,542.625,1402.56,982388,1385.33
howe5,141,2,3580,539.885,1393.5,999926,1392.5
howe5,141,2,8524,506.576,1315.01,994602,1309.41
howe5,141,2,2650,493.712,1349.81,997288,1346.7
howe5,141,2,2811,509.306,1375.24,992890,1368.49
howe5,141,2,9963,539.607,1229.34,992438,1222.12
howe5,141,2,7537,522.804,1305.18,989150,1295.12
howe5,141,2,3472,524.478,1296.44,865748,1183.27
howe5,141,2,3714,536.592,1251.68,997171,1248.65
howe5,141,2,8158,511.319,1234.11,989498,1224.76
howe5,141,2,7284,516.88,1280.16,992817,1273.37
howe5,141,2,6948,521.647,1194.95,998912,1193.19
howe5,141,2,6119,528.638,1241.04,997424,1238.21
howe5,141,2,5253,543.89,1349.81,989439,1339.98
howe5,141,2,5134,522.808,1365.47,951131,1323.47
howe5,141,2,7350,490.027,1247.56,994175,1242.3
howe5,141,2,2652,534.658,1261.95,977332,1241.66
howe5,141,2,9968,522.123,1278,989166,1268.23
howe5,141,2,3914,512.178,1265.03,988758,1255.12
howe5,141,2,6899,530.049,1346.06,999790,1345.14
howe5,141,2,4715,530.355,1248.16,998144,1246.03
howe5,141,4,3520,339.873,1448.97,996443,1444.44
howe5,141,4,8115,326.341,1434.72,987543,1421.74
howe5,141,4,8647,344.902,1291.96,666934,960.585
howe5,141,4,9420,332.546,1399.01,974285,1373.5
howe5,141,4,3116,332.765,1383.47,1000411,1383
howe5,141,4,6377,314.203,1333.75,964625,1300.15
howe5,141,4,6207,348.221,1376.97,761355,1139.21
howe5,141,4,4187,338.458,1352.92,793958,1146.95
howe5,141,4,3641,344.453,1386.94,967083,1353.03
howe5,141,4,8591,324.987,1349.72,994386,1343.39
howe5,141,4,3580,322.33,1319.95,970582,1291.67
howe5,141,4,8524,356.627,1461.75,991302,1451.7
howe5,141,4,2650,332.741,1372.59,999109,1370.91
howe5,141,4,2811,316.978,1334.92,961539,1298.52
howe5,141,4,9963,339.983,1358.19,949362,1305.58
howe5,141,4,7537,345.152,1360.98,881675,1240.02
howe5,141,4,3472,322.504,1292.93,956754,1253.73
howe5,141,4,3714,309.313,1281.29,951103,1238.12
howe5,141,4,8158,318.924,1295.47,980023,1277.18
howe5,141,4,7284,325.736,1272.42,987347,1260.14
howe5,141,4,6948,335.612,1305.24,990581,1295.4
howe5,141,4,6119,349.284,1312.83,831687,1154.29
howe5,141,4,5253,321.609,1302.69,996577,1298.85
howe5,141,4,5134,316.477,1256.8,990339,1247.64
howe5,141,4,7350,331.014,1242.22,988181,1230.58
howe5,141,4,2652,327.882,1277.61,996267,1273.43
howe5,141,4,9968,336.996,1341.16,997230,1337.79
howe5,141,4,3914,317.293,1325.58,997486,1322.51
howe5,141,4,6899,320.252,1334.58,997099,1331.29
howe5,141,4,4715,349.206,1360.01,927175,1291.55
howe5,141,8,3520,224.314,1581.56,1000342,1580.87
howe5,141,8,8115,228.701,1553.63,980150,1528.34
howe5,141,8,8647,230.364,1592.46,998844,1589.91
howe5,141,8,9420,223.978,1496.18,983246,1475.48
howe5,141,8,3116,229.317,1526.91,865315,1367.41
howe5,141,8,6377,228.19,1494.6,918197,1397.48
howe5,141,8,6207,212.281,1229.22,978312,1207.88
howe5,141,8,4187,217.947,1242.28,990199,1232.01
howe5,141,8,3641,222.998,1291.17,990861,1281.16
howe5,141,8,8591,230.998,1369.11,1000796,1368.93
howe5,141,8,3580,227.46,1311.37,822891,1136.69
howe5,141,8,8524,215.062,1290.36,998426,1288.01
howe5,141,8,2650,218.218,1286.98,996674,1282.79
howe5,141,8,2811,219.314,1271.96,986211,1257.6
howe5,141,8,9963,226.941,1303.23,994970,1297.42
howe5,141,8,7537,227.002,1372.56,987978,1359.45
howe5,141,8,3472,241.385,1325.48,835470,1150.68
howe5,141,8,3714,238.016,1359.82,998648,1357.41
howe5,141,8,8158,210.464,1219.04,996658,1214.99
howe5,141,8,7284,227.875,1362.85,998314,1360.23
howe5,141,8,6948,218.148,1244.43,987325,1231.35
howe5,141,8,6119,222.212,1331.97,996645,1327.64
howe5,141,8,5253,241.473,1325.06,988442,1312.08
howe5,141,8,5134,225.518,1301.41,970832,1271.15
howe5,141,8,7350,241.692,1347.9,996910,1343.67
howe5,141,8,2652,217.368,1343.73,991309,1332.54
howe5,141,8,9968,217.158,1278.32,998029,1275.5
howe5,141,8,3914,231.569,1385.79,994193,1378.77
howe5,141,8,6899,223.332,1310.27,999439,1308.78
howe5,141,8,4715,214.583,1296.83,985741,1282.71
ktruss1,45,2,3520,132.672,264.11,427732,133.787
ktruss1,45,2,8115,137.978,249.818,324262,100.924
ktruss1,45,2,8647,132.541,261.531,341082,109.162
ktruss1,45,2,9420,127.058,240.353,247852,83.4763
ktruss1,45,2,3116,136.407,263.718,290501,100.012
ktruss1,45,2,6377,129.365,244.286,273285,90.8306
ktruss1,45,2,6207,132.224,255.696,323055,107.569
ktruss1,45,2,4187,134.27,255.441,569036,161.253
ktruss1,45,2,3641,129.014,250.644,342503,104.599
ktruss1,45,2,8591,132.644,254.121,370456,119.738
ktruss1,45,2,3580,135.514,248.169,217347,74.0577
ktruss1,45,2,8524,130.03,244.562,369634,109.557
ktruss1,45,2,2650,131.979,244.599,283566,93.5507
ktruss1,45,2,2811,140.127,258.33,333114,105.325
ktruss1,45,2,9963,135.144,266.202,891357,241.121
ktruss1,45,2,7537,129.319,257.274,478049,147.884
ktruss1,45,2,3472,132.672,261.129,535206,158.282
ktruss1,45,2,3714,130.61,242.459,726859,185.631
ktruss1,45,2,8158,133.769,249.871,249137,83.6998
ktruss1,45,2,7284,139.016,254.115,389343,116.488
ktruss1,45,2,6948,138.487,248.352,219624,75.5723
ktruss1,45,2,6119,132.986,267.777,469277,143.504
ktruss1,45,2,5253,146.26,267.845,225279,79.6077
ktruss1,45,2,5134,131.434,254.186,469932,145.581
ktruss1,45,2,7350,134.681,252.639,296629,98.0242
ktruss1,45,2,2652,122.82,254.612,558121,162.747
ktruss1,45,2,9968,130.46,260.206,389190,126.332
ktruss1,45,2,3914,128.961,251.125,384536,120.009
ktruss1,45,2,6899,123.768,251.532,358652,115.8
ktruss1,45,2,4715,127.452,247.998,844545,214.698
ktruss1,45,4,3520,81.5542,295.203,360642,136.498
ktruss1,45,4,8115,86.1263,300.784,306948,110.188
ktruss1,45,4,8647,83.634,301.128,335231,123.863
ktruss1,45,4,9420,82.6956,301.634,392319,142.425
ktruss1,45,4,3116,85.1698,296.895,310782,114.755
ktruss1,45,4,6377,76.4763,275.765,319663,112.283
ktruss1,45,4,6207,74.634,288.068,486998,164.681
ktruss1,45,4,4187,78.362,293.194,350659,127.274
ktruss1,45,4,3641,86.1358,305.081,327923,119.925
ktruss1,45,4,8591,88.7662,311.524,301209,112.125
ktruss1,45,4,3580,81.9581,294.624,362321,124.409
ktruss1,45,4,8524,76.215,301.621,985224,297.507
ktruss1,45,4,2650,86.7058,296.996,351027,125.751
ktruss1,45,4,2811,88.7587,302.806,323839,117.944
ktruss1,45,4,9963,88.2659,304.887,269023,99.2917
ktruss1,45,4,7537,78.5558,296.076,356599,132.246
ktruss1,45,4,3472,80.8802,292.061,647831,203.848
ktruss1,45,4,3714,81.2498,289.984,319277,116.112
ktruss1,45,4,8158,89.7135,321.158,399540,152.305
ktruss1,45,4,7284,85.1698,298.007,278853,108.212
ktruss1,45,4,6948,92.2224,321.438,395835,145.586
ktruss1,45,4,6119,76.2567,280.935,384016,131.553
ktruss1,45,4,5253,81.0218,285.828,411101,142.791
ktruss1,45,4,5134,75.3459,269.736,293339,101.396
ktruss1,45,4,7350,92.2061,309.285,232787,90.0608
ktruss1,45,4,2652,75.5831,280.266,414841,143.082
ktruss1,45,4,9968,82.4942,296.229,470276,158.661
ktruss1,45,4,3914,81.9433,295.907,343439,126.482
ktruss1,45,4,6899,75.0542,281.595,386412,132.172
ktruss1,45,4,4715,87.9671,302.786,266882,103.474
ktruss1,45,8,3520,67.8278,398.688,278477,130.738
ktruss1,45,8,8115,61.0831,384.944,375868,165.986
ktruss1,45,8,8647,59.4581,375.631,373508,160.652
ktruss1,45,8,9420,60.1846,389.267,683411,281.216
ktruss1,45,8,3116,56.5542,369.223,673499,260.443
ktruss1,45,8,6377,55.3438,361.667,355310,151.297
ktruss1,45,8,6207,56.2896,355.534,377165,154.021
ktruss1,45,8,4187,52.2643,354.974,498917,203.085
ktruss1,45,8,3641,60.0816,385.572,425774,183.574
ktruss1,45,8,8591,56.5634,363.536,789712,293.943
ktruss1,45,8,3580,67.0634,416.211,917239,384.287
ktruss1,45,8,8524,56.1864,368.587,433322,185.02
ktruss1,45,8,2650,62.4942,379.63,292860,130.256
ktruss1,45,8,2811,56.5018,363.654,367293,156.254
ktruss1,45,8,9963,59.2316,354.676,246834,109.26
ktruss1,45,8,7537,58.0903,373.82,402552,171.621
ktruss1,45,8,3472,53.4926,341.235,760771,266.991
ktruss1,45,8,3714,63.0561,384.663,366651,159.2
ktruss1,45,8,8158,63.045,381.343,306765,137.846
ktruss1,45,8,7284,57.3278,367.409,434518,183.994
ktruss1,45,8,6948,57.5284,376.276,397132,171.761
ktruss1,45,8,6119,56.1155,358.476,307714,132.008
ktruss1,45,8,5253,51.3007,332.326,891781,301.573
ktruss1,45,8,5134,58.0995,362.513,357615,151.025
ktruss1,45,8,7350,59.4763,373.151,346285,152.032
ktruss1,45,8,2652,55.0394,360.373,706208,267.144
ktruss1,45,8,9968,54.0995,360.03,884100,322.907
ktruss1,45,8,3914,51.6158,347.688,427064,181.262
ktruss1,45,8,6899,58.0542,377.281,463873,201.192
ktruss1,45,8,4715,56.7659,367.592,506345,206.926
ktruss2,79,2,3520,251.175,555.384,666815,393.346
ktruss2,79,2,8115,236.805,553.446,518997,340.234
ktruss2,79,2,8647,234.052,556.25,740404,442.713
ktruss2,79,2,9420,223.561,547.242,613419,383.116
ktruss2,79,2,3116,227.325,572.331,836693,501.851
ktruss2,79,2,6377,243.974,568.456,649729,412.406
ktruss2,79,2,6207,234.658,599.878,804281,514.602
ktruss2,79,2,4187,243.104,577.815,784665,481.066
ktruss2,79,2,3641,244.644,556.215,443469,311.252
ktruss2,79,2,8591,222.052,559.637,925011,527.038
ktruss2,79,2,3580,232.955,552.599,936655,524.119
ktruss2,79,2,8524,234.921,562.977,960701,545.402
ktruss2,79,2,2650,242.876,587.295,635880,422.032
ktruss2,79,2,2811,232.269,617.362,936244,587.91
ktruss2,79,2,9963,243.535,593.227,966415,577.149
ktruss2,79,2,7537,245.239,571.523,493449,338.982
ktruss2,79,2,3472,246.649,581.689,531481,365.796
ktruss2,79,2,3714,232.036,576.224,646816,424.349
ktruss2,79,2,8158,235.193,562.512,543490,363.601
ktruss2,79,2,7284,223.738,549.075,885484,500.945
ktruss2,79,2,6948,249.08,596.007,619378,421.594
ktruss2,79,2,6119,242.711,564.754,686030,421.004
ktruss2,79,2,5253,228.081,547.206,581615,365.326
ktruss2,79,2,5134,236.256,560.271,651077,408.304
ktruss2,79,2,7350,240.396,559.377,619886,387.227
ktruss2,79,2,2652,232.335,545.424,600343,373.825
ktruss2,79,2,9968,238.825,589.023,892256,540.355
ktruss2,79,2,3914,236.387,566.97,612352,391.017
ktruss2,79,2,6899,245.334,562.033,499921,333.769
ktruss2,79,2,4715,225.403,527.655,535793,333.518
ktruss2,79,4,3520,150.603,638.713,502648,372.162
ktruss2,79,4,8115,155.787,644.903,473607,353.281
ktruss2,79,4,8647,150.802,645.547,618336,433.662
ktruss2,79,4,9420,137.75,644.125,958295,622.916
ktruss2,79,4,3116,148.495,680.344,633118,481.243
ktruss2,79,4,6377,154.048,648.107,433509,330.076
ktruss2,79,4,6207,170.349,669.66,357767,289.967
ktruss2,79,4,4187,154.673,678.56,569929,442.504
ktruss2,79,4,3641,151.496,658.264,567731,422.513
ktruss2,79,4,8591,154.891,654.03,458407,349.6
ktruss2,79,4,3580,164.893,675.671,372499,294.534
ktruss2,79,4,8524,164.628,672.094,519484,385.192
ktruss2,79,4,2650,152.665,657.408,415947,329.369
ktruss2,79,4,2811,135.093,641.337,617024,456.527
ktruss2,79,4,9963,151.192,719.536,649034,526.694
ktruss2,79,4,7537,143.927,665.557,686646,498.514
ktruss2,79,4,3472,154.849,599.725,445913,318.913
ktruss2,79,4,3714,143.575,598.367,576014,391.684
ktruss2,79,4,8158,161.463,630.18,469285,348.972
ktruss2,79,4,7284,149.978,620.829,540629,391.792
ktruss2,79,4,6948,136.704,625.818,668895,471.661
ktruss2,79,4,6119,154.266,618.024,520200,372.962
ktruss2,79,4,5253,160.708,625.725,476124,341.875
ktruss2,79,4,5134,159.804,609.426,415957,302.649
ktruss2,79,4,7350,169.226,629.015,422035,300.943
ktruss2,79,4,2652,166.478,626.366,418241,312.889
ktruss2,79,4,9968,144.478,622.411,831132,538.76
ktruss2,79,4,3914,156.058,625.792,468622,340.408
ktruss2,79,4,6899,135.086,618.315,814555,534.524
ktruss2,79,4,4715,163.47,684.124,658555,492.816
ktruss2,79,8,3520,109.83,766.198,538908,451.454
ktruss2,79,8,8115,102.435,755.125,564406,483.441
ktruss2,79,8,8647,100.864,762.943,721578,582.819
ktruss2,79,8,9420,101.688,733.913,531255,429.839
ktruss2,79,8,3116,93.0302,742.203,728071,582.24
ktruss2,79,8,6377,106.058,745.044,558648,455.315
ktruss2,79,8,6207,101.336,732.596,626305,494.473
ktruss2,79,8,4187,97.3475,729.7,641825,510.955
ktruss2,79,8,3641,113.133,773.086,415983,362.047
ktruss2,79,8,8591,99.9926,748.943,786700,616.58
ktruss2,79,8,3580,105.266,759.879,563283,455.301
ktruss2,79,8,8524,106.732,759.793,479820,409.564
ktruss2,79,8,2650,106.743,760.031,511070,436.3
ktruss2,79,8,2811,107.19,735.611,410946,348.292
ktruss2,79,8,9963,102.264,740.148,559079,453.487
ktruss2,79,8,7537,99.5108,738.09,596943,483.083
ktruss2,79,8,3472,97.3117,717.767,451380,368.888
ktruss2,79,8,3714,110.416,754.03,406204,353.107
ktruss2,79,8,8158,98.5376,742.709,787773,611.718
ktruss2,79,8,7284,99.6698,710.7,501997,404.315
ktruss2,79,8,6948,103.442,726.113,529964,417.414
ktruss2,79,8,6119,99.6337,719.477,498616,412.076
ktruss2,79,8,5253,104.337,754.855,558205,459.797
ktruss2,79,8,5134,96.8096,727.099,832696,625.872
ktruss2,79,8,7350,114.3,773.58,326052,291.289
ktruss2,79,8,2652,99.862,738.948,994468,734.807
ktruss2,79,8,9968,105.179,726.934,710413,540.649
ktruss2,79,8,3914,99.3019,751.761,705869,564.569
ktruss2,79,8,6899,105.82,718.381,586651,456.68
ktruss2,79,8,4715,98.2224,733.156,726738,567.698
ktruss3,113,2,3520,322.644,976.571,997016,974.074
ktruss3,113,2,8115,343.127,996.185,969433,974.462
ktruss3,113,2,8647,344.128,1029.35,894948,952.539
ktruss3,113,2,9420,319.891,967.522,998934,966.103
ktruss3,113,2,3116,346.029,985.951,869083,891.668
ktruss3,113,2,6377,369.111,1042.87,814172,902.774
ktruss3,113,2,6207,355.818,1022.2,853506,914.981
ktruss3,113,2,4187,339.039,995.787,989337,987.867
ktruss3,113,2,3641,355.215,1029.79,985931,1018.46
ktruss3,113,2,8591,368.783,1000.67,651035,737.234
ktruss3,113,2,3580,355.004,1052.11,967361,1027.53
ktruss3,113,2,8524,342.198,990.841,950078,955.639
ktruss3,113,2,2650,343.776,1048.26,960016,1019.35
ktruss3,113,2,2811,347.874,1033.04,998654,1031.26
ktruss3,113,2,9963,327.521,963.573,950218,929.301
ktruss3,113,2,7537,349.961,1000.22,889605,920.252
ktruss3,113,2,3472,357.102,1087.22,983649,1074.96
ktruss3,113,2,3714,350.832,1019,789854,863.753
ktruss3,113,2,8158,343.067,1046.52,994349,1042.27
ktruss3,113,2,7284,335.459,1006.19,973059,986.88
ktruss3,113,2,6948,332.827,976.575,1000160,976.111
ktruss3,113,2,6119,350.408,1024.2,997876,1021.87
ktruss3,113,2,5253,328.988,1036.58,959011,1007.87
ktruss3,113,2,5134,344.461,1011,996497,1007.92
ktruss3,113,2,7350,333.082,997.379,979124,982.785
ktruss3,113,2,2652,331.784,1025.74,989649,1017.91
ktruss3,113,2,9968,342.415,1061.26,979703,1045.63
ktruss3,113,2,3914,343.314,905.142,989192,897.741
ktruss3,113,2,6899,368.819,961.466,927015,908.701
ktruss3,113,2,4715,337.725,978.92,914162,922.675
ktruss3,113,4,3520,224.631,1086.03,825099,946.27
ktruss3,113,4,8115,230.394,1093.57,860433,975.081
ktruss3,113,4,8647,216.481,1090.53,1000611,1090.29
ktruss3,113,4,9420,218.684,1110.51,995751,1106.27
ktruss3,113,4,3116,216.353,1135.36,976415,1116.34
ktruss3,113,4,6377,221.631,1061.56,813367,912.697
ktruss3,113,4,6207,224.148,1054.42,634867,754.558
ktruss3,113,4,4187,219.209,1056.03,1000704,1055.85
ktruss3,113,4,3641,220.778,1098.16,828136,962.339
ktruss3,113,4,8591,226.352,1078.46,788472,902.921
ktruss3,113,4,3580,227.745,1068.75,786379,893.584
ktruss3,113,4,8524,237.133,1066.27,667218,776.511
ktruss3,113,4,2650,209.668,1040.71,798896,882.07
ktruss3,113,4,2811,228.709,1075.31,817801,926.363
ktruss3,113,4,9963,215.148,1049.11,904456,972.318
ktruss3,113,4,7537,215.209,1073.99,994458,1068.92
ktruss3,113,4,3472,232.541,1066.49,811126,910.467
ktruss3,113,4,3714,231.467,1054.65,709129,808.969
ktruss3,113,4,8158,241.702,1076.2,606907,737.676
ktruss3,113,4,7284,223.62,1048.04,794292,880.219
ktruss3,113,4,6948,245.889,1076.92,677282,793.201
ktruss3,113,4,6119,214.27,1083.84,894461,1000.12
ktruss3,113,4,5253,222.879,1103.84,884188,1009.72
ktruss3,113,4,5134,223.316,1044.47,995809,1040.24
ktruss3,113,4,7350,229.244,1049.96,608277,721.411
ktruss3,113,4,2652,232.282,1073.85,733596,849.948
ktruss3,113,4,9968,212.956,1034.6,909757,969.581
ktruss3,113,4,3914,215.22,987.317,975537,968.484
ktruss3,113,4,6899,210.081,958.791,835493,841.098
ktruss3,113,4,4715,224.693,980.094,773302,810.315
ktruss3,113,8,3520,135.882,1124.16,852190,993.676
ktruss3,113,8,8115,155.469,1137.29,664255,810.92
ktruss3,113,8,8647,149.438,1114,651031,789.787
ktruss3,113,8,9420,155.611,1144.28,588376,746.405
ktruss3,113,8,3116,144.594,1138.16,872203,1017.12
ktruss3,113,8,6377,153.436,1149.5,782701,943.781
ktruss3,113,8,6207,141.683,1156.39,932009,1096.15
ktruss3,113,8,4187,154.558,1117.72,727219,854.963
ktruss3,113,8,3641,140.889,1193.04,949899,1145.73
ktruss3,113,8,8591,149.285,1173.3,742616,925.824
ktruss3,113,8,3580,149.375,1178.4,983415,1160.21
ktruss3,113,8,8524,148.251,1154.82,878515,1038.95
ktruss3,113,8,2650,146.858,1134.3,629254,780.875
ktruss3,113,8,2811,154.121,1175.59,885016,1061.17
ktruss3,113,8,9963,148.347,1165.82,823500,992.809
ktruss3,113,8,7537,148.556,1126.55,836264,968.629
ktruss3,113,8,3472,149.375,1167.2,732610,903.186
ktruss3,113,8,3714,164.364,1230.05,571024,775.461
ktruss3,113,8,8158,143.512,1165.98,957787,1127.06
ktruss3,113,8,7284,146.46,1121.27,852599,986.572
ktruss3,113,8,6948,150.688,1153.49,697097,859.137
ktruss3,113,8,6119,145.033,1178.69,894386,1079.42
ktruss3,113,8,5253,152.347,1209.25,809049,1020.2
ktruss3,113,8,5134,146.007,1140.3,810584,967.693
ktruss3,113,8,7350,149.61,1155.27,735993,907.868
ktruss3,113,8,2652,148.592,1199.66,894284,1100.47
ktruss3,113,8,9968,143.909,1153.23,977233,1132.14
ktruss3,113,8,3914,144.673,1133.38,838004,987.949
ktruss3,113,8,6899,147.393,1157.83,934999,1097.15
ktruss3,113,8,4715,136.945,1102.41,964818,1071.86
ktruss4,147,2,3520,478.978,1549.23,1000991,1549.21
ktruss4,147,2,8115,482.009,1606.66,947125,1549.56
ktruss4,147,2,8647,448.833,1490.95,998601,1488.52
ktruss4,147,2,9420,474.02,1623.2,998107,1620.13
ktruss4,147,2,3116,480.77,1592.01,997988,1588.96
ktruss4,147,2,6377,510.165,1668.69,991539,1657.89
ktruss4,147,2,6207,446.139,1553.52,984236,1536.61
ktruss4,147,2,4187,466.835,1531.67,978868,1508.97
ktruss4,147,2,3641,499.922,1624.64,996743,1620.14
ktruss4,147,2,8591,449.002,1485.78,998250,1483.13
ktruss4,147,2,3580,505.518,1652.88,995529,1647.04
ktruss4,147,2,8524,461.393,1477.12,966398,1441.58
ktruss4,147,2,2650,464.596,1648.54,992876,1640.07
ktruss4,147,2,2811,453.218,1540.78,989236,1529.27
ktruss4,147,2,9963,514.809,1588.71,999571,1587.14
ktruss4,147,2,7537,506.484,1640.65,989846,1628.15
ktruss4,147,2,3472,470.535,1627.72,999844,1626.5
ktruss4,147,2,3714,477.482,1541.03,1000989,1541.02
ktruss4,147,2,8158,455.238,1485.39,995633,1480.58
ktruss4,147,2,7284,466.801,1420.54,990779,1410.74
ktruss4,147,2,6948,465.296,1526.48,995509,1521.37
ktruss4,147,2,6119,449.752,1387.58,995091,1382.11
ktruss4,147,2,5253,497.06,1439.19,994785,1432.69
ktruss4,147,2,5134,450.439,1449.96,962245,1414.16
ktruss4,147,2,7350,509.837,1502.16,999018,1500.1
ktruss4,147,2,2652,455.158,1417.68,996638,1413.57
ktruss4,147,2,9968,474.18,1520.96,998370,1518.71
ktruss4,147,2,3914,473.138,1450.4,978921,1427.8
ktruss4,147,2,6899,492.486,1600.23,996530,1595.7
ktruss4,147,2,4715,498.376,1439.93,979459,1418
ktruss4,147,4,3520,325.319,1722.33,1000588,1721.85
ktruss4,147,4,8115,300.405,1616.67,999228,1614.7
ktruss4,147,4,8647,306.767,1657.76,1000619,1657.34
ktruss4,147,4,9420,310.144,1696.96,990527,1684.45
ktruss4,147,4,3116,296.055,1605.18,991390,1594.09
ktruss4,147,4,6377,305.283,1612.73,984169,1592.92
ktruss4,147,4,6207,305.012,1632.41,989824,1619.38
ktruss4,147,4,4187,296.592,1570.98,986030,1555.75
ktruss4,147,4,3641,312.695,1512.3,997197,1508.13
ktruss4,147,4,8591,292.562,1419.29,993615,1411.23
ktruss4,147,4,3580,322.203,1502,984848,1483.43
ktruss4,147,4,8524,320.514,1488.64,898176,1371.9
ktruss4,147,4,2650,322.923,1594.68,974853,1564.39
ktruss4,147,4,2811,306.724,1431.07,930767,1354.36
ktruss4,147,4,9963,307.504,1499.19,996886,1494.19
ktruss4,147,4,7537,303.567,1541.47,989063,1529.02
ktruss4,147,4,3472,310.048,1578.21,992537,1568.2
ktruss4,147,4,3714,292.274,1504.05,999646,1502.7
ktruss4,147,4,8158,305.715,1511.35,999996,1510.13
ktruss4,147,4,7284,313.41,1576.03,902448,1464.24
ktruss4,147,4,6948,297.347,1537.85,992057,1528.25
ktruss4,147,4,6119,312.588,1540.95,995807,1534.65
ktruss4,147,4,5253,322.492,1586.47,926609,1496.63
ktruss4,147,4,5134,314.896,1567.54,999672,1566.21
ktruss4,147,4,7350,304.96,1582.31,989522,1569.43
ktruss4,147,4,2652,292.024,1523.76,988218,1510.11
ktruss4,147,4,9968,298.747,1538.02,998206,1535.17
ktruss4,147,4,3914,298.131,1601.67,994373,1594.63
ktruss4,147,4,6899,304.099,1523.68,997997,1520.5
ktruss4,147,4,4715,310.198,1530.27,1000864,1530.16
ktruss4,147,8,3520,201.825,1735.47,991596,1723.39
ktruss4,147,8,8115,207.805,1788.2,996045,1781.72
ktruss4,147,8,8647,209.876,1677.42,932071,1589.64
ktruss4,147,8,9420,196.372,1587.33,981642,1563.66
ktruss4,147,8,3116,203.77,1615.77,991955,1604.69
ktruss4,147,8,6377,208.104,1612.06,980728,1586.65
ktruss4,147,8,6207,205.191,1548.01,992635,1537.88
ktruss4,147,8,4187,203.561,1497.51,992994,1487.94
ktruss4,147,8,3641,206.781,1548.06,984667,1528.47
ktruss4,147,8,8591,211.259,1565.96,983228,1544.03
ktruss4,147,8,3580,203.753,1547.52,987291,1531.37
ktruss4,147,8,8524,204.166,1498.85,986727,1481.99
ktruss4,147,8,2650,206.262,1557.44,999942,1556.17
ktruss4,147,8,2811,200.726,1578.8,989888,1565.4
ktruss4,147,8,9963,207.07,1563.55,981924,1540.37
ktruss4,147,8,7537,197.706,1511.19,998056,1507.87
ktruss4,147,8,3472,201.965,1521.92,989941,1508.89
ktruss4,147,8,3714,212.788,1595.78,997604,1591.54
ktruss4,147,8,8158,209.472,1596.94,992532,1586.4
ktruss4,147,8,7284,212.322,1603.8,999817,1602.36
ktruss4,147,8,6948,220.192,1601.49,991325,1589.41
ktruss4,147,8,6119,197.034,1553.38,1000497,1552.88
ktruss4,147,8,5253,204.481,1599.11,996332,1593.67
ktruss4,147,8,5134,200.49,1552.93,979599,1527.1
ktruss4,147,8,7350,219.559,1577.11,785645,1302.53
ktruss4,147,8,2652,213.473,1629.11,994644,1621.24
ktruss4,147,8,9968,208.123,1526.54,996962,1521.62
ktruss4,147,8,3914,206.418,1540.08,994055,1532.1
ktruss4,147,8,6899,216.26,1570.63,996827,1565.51
ktruss4,147,8,4715,185.831,1467.12,989906,1455.09
ktruss5,181,2,3520,669.901,2360.45,998333,2356.58
ktruss5,181,2,8115,618.821,2238.77,993242,2227.3
ktruss5,181,2,8647,648.676,2342.96,987669,2322.97
ktruss5,181,2,9420,664.167,2365.34,1000402,2364.71
ktruss5,181,2,3116,654.328,2247.36,998378,2243.72
ktruss5,181,2,6377,655.251,2291.59,992869,2279.78
ktruss5,181,2,6207,700.08,2348.41,999038,2345.45
ktruss5,181,2,4187,625.853,2150.48,996659,2144.28
ktruss5,181,2,3641,631.665,2292.8,998804,2289.66
ktruss5,181,2,8591,654.451,2325.21,997943,2320.7
ktruss5,181,2,3580,675.877,2343.8,998007,2339.51
ktruss5,181,2,8524,642.716,2280.92,997561,2276.09
ktruss5,181,2,2650,639.22,2124.24,998146,2120.94
ktruss5,181,2,2811,642.771,2144.51,997694,2139.78
ktruss5,181,2,9963,664.67,2157.9,997165,2153.25
ktruss5,181,2,7537,669.384,2181.68,998769,2178.65
ktruss5,181,2,3472,705.21,2292.16,995934,2284.67
ktruss5,181,2,3714,628.069,2056.12,997241,2051.45
ktruss5,181,2,8158,664.61,2160.21,1000474,2159.59
ktruss5,181,2,7284,674.987,2144.99,999309,2142.75
ktruss5,181,2,6948,647.417,2108.17,996684,2102.52
ktruss5,181,2,6119,658.733,2119.61,997701,2114.66
ktruss5,181,2,5253,662.663,2086.2,998470,2082.41
ktruss5,181,2,5134,652.529,2196.35,999943,2195
ktruss5,181,2,7350,654.833,2221.02,993890,2211.24
ktruss5,181,2,2652,653.172,2140.01,997017,2134.49
ktruss5,181,2,9968,665.561,2086.43,997716,2082.45
ktruss5,181,2,3914,694.032,2010.39,994704,2001.67
ktruss5,181,2,6899,635.257,1925.03,999867,1923.7
ktruss5,181,2,4715,703.399,2037.32,990934,2024.17
ktruss5,181,4,3520,407.244,2113.25,1000406,2112.5
ktruss5,181,4,8115,388.279,2107.87,991299,2093.55
ktruss5,181,4,8647,404.104,2068.06,1000874,2067.89
ktruss5,181,4,9420,398.486,2092.44,995161,2083.62
ktruss5,181,4,3116,409.734,2200.1,1000438,2199.45
ktruss5,181,4,6377,415.627,2237.59,998281,2233.78
ktruss5,181,4,6207,402.557,2124.69,999218,2121.97
ktruss5,181,4,4187,422.601,2208.14,992123,2193.9
ktruss5,181,4,3641,400.455,2253.56,989607,2236.08
ktruss5,181,4,8591,403.955,2126.01,996614,2119.24
ktruss5,181,4,3580,424.726,2326.02,998247,2321.97
ktruss5,181,4,8524,402.629,2177.73,1000712,2177.36
ktruss5,181,4,2650,398.169,2132.05,991226,2117.61
ktruss5,181,4,2811,402.919,2078.26,983489,2052.96
ktruss5,181,4,9963,421.765,2042.18,993037,2031.44
ktruss5,181,4,7537,418.16,1974.63,1000660,1974.25
ktruss5,181,4,3472,438.804,2063.31,998133,2059.29
ktruss5,181,4,3714,430.885,2004.26,999283,2001.98
ktruss5,181,4,8158,419.268,1891.5,1000136,1890.57
ktruss5,181,4,7284,415.523,1848.79,998384,1845.43
ktruss5,181,4,6948,396.506,1840.16,989667,1825.09
ktruss5,181,4,6119,396.374,1909.21,998308,1905.85
ktruss5,181,4,5253,439.673,2046.17,993430,2035.74
ktruss5,181,4,5134,386.128,1802.72,998341,1799.43
ktruss5,181,4,7350,395.943,1879.14,996351,1873.25
ktruss5,181,4,2652,418.6,1926.65,1000271,1925.85
ktruss5,181,4,9968,405.458,1880.54,1000118,1879.58
ktruss5,181,4,3914,395.064,1896.43,994360,1887.82
ktruss5,181,4,6899,406.068,1865.66,997225,1860.96
ktruss5,181,4,4715,445.988,2002.47,999445,2000.4
ktruss5,181,8,3520,302.206,2038.1,1000916,2037.97
ktruss5,181,8,8115,281.071,1974.61,998419,1970.8
ktruss5,181,8,8647,286.133,2022.02,988782,2003.57
ktruss5,181,8,9420,279.709,1960.68,995623,1952.92
ktruss5,181,8,3116,275.191,1955.6,999304,1953.27
ktruss5,181,8,6377,280.282,1914.61,998789,1911.35
ktruss5,181,8,6207,268.342,1887.25,1000211,1886.26
ktruss5,181,8,4187,274.126,1868.89,985038,1845.7
ktruss5,181,8,3641,278.275,1914.83,983574,1888.52
ktruss5,181,8,8591,282.213,1961.37,999650,1959.46
ktruss5,181,8,3580,266.194,1905.91,999709,1904.14
ktruss5,181,8,8524,258.835,1887.55,997145,1882.28
ktruss5,181,8,2650,264.396,1947.01,991659,1933.49
ktruss5,181,8,2811,256.577,1824.37,990035,1809.32
ktruss5,181,8,9963,270.923,1899.78,986025,1878.05
ktruss5,181,8,7537,282.874,1904.71,998900,1901.62
ktruss5,181,8,3472,283.542,1943.61,997519,1938.54
ktruss5,181,8,3714,268.737,1901.54,992162,1888.65
ktruss5,181,8,8158,286.459,1978.77,1000565,1978.21
ktruss5,181,8,7284,269.84,1936.17,997418,1931.13
ktruss5,181,8,6948,277.421,1873.93,1000096,1872.82
ktruss5,181,8,6119,271.963,1815.98,992919,1804.72
ktruss5,181,8,5253,284.301,1854.53,997611,1849.79
ktruss5,181,8,5134,265.219,1793.54,997908,1789.34
ktruss5,181,8,7350,280.047,1857.24,988021,1838.95
ktruss5,181,8,2652,291.653,1949.92,995287,1941.82
ktruss5,181,8,9968,276.851,1757.47,996032,1750.75
ktruss5,181,8,3914,262.532,1817.63,995354,1810.12
ktruss5,181,8,6899,271.384,1789.45,999055,1786.94
ktruss5,181,8,4715,274.672,1810.39,997913,1806.13
pratt1,37,2,3520,122.538,121.079,635897,82.6595
pratt1,37,2,8115,122.839,118.405,365524,52.7982
pratt1,37,2,8647,122.532,119.928,264263,41.2851
pratt1,37,2,9420,117.391,111.547,338634,45.6132
pratt1,37,2,3116,129.277,124.106,314197,47.4052
pratt1,37,2,6377,128.25,115.48,156891,24.8134
pratt1,37,2,6207,120.565,118.313,361400,52.4806
pratt1,37,2,4187,123.127,119.999,317767,46.2872
pratt1,37,2,3641,124.259,121.157,278675,42.8815
pratt1,37,2,8591,119.98,115.409,389104,52.949
pratt1,37,2,3580,135.715,129.549,264572,42.9964
pratt1,37,2,8524,127.259,120.921,411341,56.2299
pratt1,37,2,2650,120.565,116.241,344700,50.1658
pratt1,37,2,2811,122.409,119.781,341072,49.8004
pratt1,37,2,9963,135.848,129.449,349896,52.3607
pratt1,37,2,7537,129.277,122.224,279058,40.6124
pratt1,37,2,3472,113.706,117.67,821432,99.8711
pratt1,37,2,3714,117.985,116.136,199536,31.3887
pratt1,37,2,8158,123.665,118.105,209904,33.7259
pratt1,37,2,7284,128.688,123.134,261568,40.194
pratt1,37,2,6948,121.811,115.085,226405,35.0196
pratt1,37,2,6119,125.277,116.472,245159,35.6589
pratt1,37,2,5253,119.433,117.074,262764,38.0485
pratt1,37,2,5134,120.25,118.735,286224,45.4485
pratt1,37,2,7350,138.163,124.9,471992,64.8261
pratt1,37,2,2652,120.25,112.041,340199,47.3836
pratt1,37,2,9968,116.145,118.86,714795,90.0346
pratt1,37,2,3914,118.839,117.232,267559,41.0397
pratt1,37,2,6899,121.706,118.68,393838,54.388
pratt1,37,2,4715,121.277,119.858,351188,51.6058
pratt1,37,4,3520,77.1266,138.545,194968,35.9358
pratt1,37,4,8115,71.2825,131.382,521109,74.7343
pratt1,37,4,8647,67.4239,133.61,333280,58.5746
pratt1,37,4,9420,84.4147,143.076,199807,35.8373
pratt1,37,4,3116,78.9945,141.907,239426,41.5459
pratt1,37,4,6377,76.4239,138.039,257699,44.7117
pratt1,37,4,6207,77.5376,139.375,316496,55.9981
pratt1,37,4,4187,75.0037,141.234,475197,76.3358
pratt1,37,4,3641,80.5468,146.299,301005,53.3826
pratt1,37,4,8591,87.1685,153.504,243917,45.4982
pratt1,37,4,3580,80.5469,145.43,247950,45.735
pratt1,37,4,8524,85.4421,142.493,315363,53.7146
pratt1,37,4,2650,84.1358,148.262,246642,43.2986
pratt1,37,4,2811,73.8623,136.571,305763,51.9977
pratt1,37,4,9963,74.6882,139.5,295469,51.0249
pratt1,37,4,7537,70.2733,128.629,277984,44.9125
pratt1,37,4,3472,78.679,148.19,662426,103.69
pratt1,37,4,3714,74.2917,139.244,794926,113.65
pratt1,37,4,8158,76.7209,144.435,359455,61.544
pratt1,37,4,7284,73.8623,133.383,292483,47.3873
pratt1,37,4,6948,84.7209,146.394,277275,50.1364
pratt1,37,4,6119,79.4147,143.047,161689,29.39
pratt1,37,4,5253,85.5376,152.639,245116,45.1703
pratt1,37,4,5134,73.1503,137.051,261204,44.8718
pratt1,37,4,7350,72.5468,137.669,296070,49.2693
pratt1,37,4,2652,80.4239,144.021,732695,109.251
pratt1,37,4,9968,75.0037,139.758,986551,138.029
pratt1,37,4,3914,68.9763,132.441,319905,52.7364
pratt1,37,4,6899,74.6882,138.57,321068,53.131
pratt1,37,4,4715,78.6882,144.375,624424,95.1202
pratt1,37,8,3520,52.5468,178.501,362820,75.3778
pratt1,37,8,8115,49.8768,167.237,731195,127.412
pratt1,37,8,8647,56.5468,180.399,290409,58.9174
pratt1,37,8,9420,52.1503,166.193,638238,111.686
pratt1,37,8,3116,49.3965,171.5,451124,90.9596
pratt1,37,8,6377,56.5468,182.396,458730,93.4513
pratt1,37,8,6207,44.2643,156.877,386841,73.3
pratt1,37,8,4187,54.2825,174.975,489557,90.8341
pratt1,37,8,3641,52.1503,180.185,601849,116.119
pratt1,37,8,8591,51.4147,167.886,879034,149.247
pratt1,37,8,3580,54.2825,174.536,477323,90.1547
pratt1,37,8,8524,53.6882,179.26,899980,163.163
pratt1,37,8,2650,54.2825,180.164,456470,92.4282
pratt1,37,8,2811,56.5468,172.684,325266,65.9305
pratt1,37,8,9963,57.1411,172.521,368997,71.3898
pratt1,37,8,7537,49.2825,159.113,596121,102.288
pratt1,37,8,3472,47.7209,166.106,379159,76.5543
pratt1,37,8,3714,49.1503,167.308,489915,92.6847
pratt1,37,8,8158,51.4147,163.897,491642,89.3603
pratt1,37,8,7284,49.6882,168.454,231246,48.0641
pratt1,37,8,6948,54.2733,171.297,319952,64.4823
pratt1,37,8,6119,54.2733,170.124,267223,53.9119
pratt1,37,8,5253,52.1596,173.184,520440,98.3253
pratt1,37,8,5134,52.1503,169.805,360262,73.8877
pratt1,37,8,7350,57.1503,177.266,323073,65.6305
pratt1,37,8,2652,54.2825,172.572,451200,88.2896
pratt1,37,8,9968,50.5887,166.817,407151,79.8287
pratt1,37,8,3914,52.2643,162.48,428019,78.8678
pratt1,37,8,6899,48.1595,165.999,381003,72.0979
pratt1,37,8,4715,58.5979,180.174,198327,41.63
pratt2,63,2,3520,217.107,257.288,842533,225.462
pratt2,63,2,8115,217.13,251.995,626913,170.312
pratt2,63,2,8647,207.743,238.51,381342,112.27
pratt2,63,2,9420,233.034,256.532,359280,111.688
pratt2,63,2,3116,210.121,259.11,654365,189.4
pratt2,63,2,6377,215.719,255.002,438236,136.359
pratt2,63,2,6207,205.715,243.241,959928,234.79
pratt2,63,2,4187,230.404,263.471,709942,198.91
pratt2,63,2,3641,204.857,252.716,618369,176.001
pratt2,63,2,8591,211.743,246.167,610793,168.309
pratt2,63,2,3580,197.706,246.658,538663,153.698
pratt2,63,2,8524,217.455,261.434,767260,212.641
pratt2,63,2,2650,217.701,246.056,489664,137.833
pratt2,63,2,2811,225.875,243.713,819561,205.113
pratt2,63,2,9963,206.253,240.883,600140,160.93
pratt2,63,2,7537,226.824,248.887,346140,107.487
pratt2,63,2,3472,217.587,257.724,596433,173.256
pratt2,63,2,3714,220.455,251.579,457587,134.646
pratt2,63,2,8158,221.007,249.479,425103,128.729
pratt2,63,2,7284,216.139,244.796,373598,112.7
pratt2,63,2,6948,204.875,249.453,469639,140.589
pratt2,63,2,6119,221.271,248.293,433867,131.188
pratt2,63,2,5253,209.097,242.943,415227,123.929
pratt2,63,2,5134,225.167,255.062,450637,135.893
pratt2,63,2,7350,216.431,252.455,433614,134.31
pratt2,63,2,2652,217.752,244.606,369380,113.446
pratt2,63,2,9968,213.034,253.237,475319,143.553
pratt2,63,2,3914,214.404,254.726,850976,224.212
pratt2,63,2,6899,223.116,246.362,440251,127.475
pratt2,63,2,4715,214.185,238.252,349880,102.416
pratt2,63,4,3520,145.884,305.202,430812,151.946
pratt2,63,4,8115,134.049,289.792,494353,164.257
pratt2,63,4,8647,132.994,288.794,495226,162.551
pratt2,63,4,9420,141.391,299.757,349839,129.038
pratt2,63,4,3116,145.565,303.703,384959,142.471
pratt2,63,4,6377,131.304,299.413,584928,199.033
pratt2,63,4,6207,137.532,297.167,481796,167.779
pratt2,63,4,4187,154.998,316.271,446100,164.01
pratt2,63,4,3641,131.839,291.428,496070,169.529
pratt2,63,4,8591,127.556,281.315,413115,138.844
pratt2,63,4,3580,131.022,291.047,441121,154.076
pratt2,63,4,8524,153.778,304.205,349641,126.8
pratt2,63,4,2650,148.259,323.934,488127,180.926
pratt2,63,4,2811,128.451,295.541,683225,217.91
pratt2,63,4,9963,132.442,286.937,387931,134.65
pratt2,63,4,7537,138.583,301.227,428909,159.404
pratt2,63,4,3472,127.259,289.385,600828,194.873
pratt2,63,4,3714,144.706,296.107,322028,115.027
pratt2,63,4,8158,132.574,289.747,426623,147.863
pratt2,63,4,7284,128.259,288.735,455560,157.796
pratt2,63,4,6948,126.56,281.569,893627,256.419
pratt2,63,4,6119,139.848,304.546,890242,275.546
pratt2,63,4,5253,148.98,317.514,437297,158.552
pratt2,63,4,5134,139.117,299.775,379217,136.82
pratt2,63,4,7350,132.971,294.679,527278,178.333
pratt2,63,4,2652,136.259,302.151,420259,153.025
pratt2,63,4,9968,142.022,294.143,317926,111.369
pratt2,63,4,3914,141.998,299.744,358051,130.051
pratt2,63,4,6899,137.565,300.737,429462,153.724
pratt2,63,4,4715,136.136,296.145,456654,159.875
pratt2,63,8,3520,93.1266,369.23,599999,239.063
pratt2,63,8,8115,86.5742,360.588,990178,357.195
pratt2,63,8,8647,82.5468,326.424,404850,154.895
pratt2,63,8,9420,96.1593,362.719,343821,145.222
pratt2,63,8,3116,94.268,368.084,504097,203.131
pratt2,63,8,6377,90.5742,353.613,465605,183.953
pratt2,63,8,6207,90.5742,352.267,545969,212.275
pratt2,63,8,4187,92.7064,369.079,479019,199.13
pratt2,63,8,3641,84.009,354.276,527748,212.642
pratt2,63,8,8591,97.3007,361.245,343947,147.598
pratt2,63,8,3580,88.4239,367.912,573874,232.092
pratt2,63,8,8524,85.5468,333.282,440416,170.231
pratt2,63,8,2650,87.6882,353.939,524261,207.028
pratt2,63,8,2811,89.4329,354.215,465320,189.511
pratt2,63,8,9963,94.5742,370.54,538269,218.566
pratt2,63,8,7537,81.4421,346.534,535240,208.458
pratt2,63,8,3472,87.2825,360.36,979483,353.695
pratt2,63,8,3714,89.5561,358.364,490852,197.977
pratt2,63,8,8158,83.4239,355.903,548106,214.588
pratt2,63,8,7284,95.1685,362.567,378706,156.285
pratt2,63,8,6948,85.5468,359.962,528609,211.866
pratt2,63,8,6119,83.4239,349.519,759058,275.628
pratt2,63,8,5253,88.4055,336.752,407138,159.186
pratt2,63,8,5134,94.8531,355.34,714893,262.582
pratt2,63,8,7350,89.1174,358.551,651861,246.244
pratt2,63,8,2652,85.1503,344.43,396658,158.583
pratt2,63,8,9968,101.405,371.612,429148,177.634
pratt2,63,8,3914,93.268,363.541,369997,157.685
pratt2,63,8,6899,88.7209,351.849,502818,199.948
pratt2,63,8,4715,90.154,358.499,478749,198.749
pratt3,89,2,3520,303.549,420.627,930005,397.839
pratt3,89,2,8115,328.713,428.422,765125,348.304
pratt3,89,2,8647,306.038,412.191,821266,355.716
pratt3,89,2,9420,300.161,430.684,930068,408.564
pratt3,89,2,3116,315.53,431.319,900726,398.088
pratt3,89,2,6377,289.302,409.891,685796,315.148
pratt3,89,2,6207,308.125,418.109,826249,363.353
pratt3,89,2,4187,303.609,412.509,724422,324.093
pratt3,89,2,3641,342.224,443.454,797319,372.826
pratt3,89,2,8591,313.134,408.953,753391,330.783
pratt3,89,2,3580,306.503,448.319,902927,416.563
pratt3,89,2,8524,302.317,407.685,853934,360.861
pratt3,89,2,2650,294.407,417.617,865008,376.883
pratt3,89,2,2811,284.275,396.854,710445,309.833
pratt3,89,2,9963,307.567,425.246,937125,405.054
pratt3,89,2,7537,340.398,440.267,518739,270.153
pratt3,89,2,3472,320.101,407.409,574616,268.043
pratt3,89,2,3714,298.653,462.743,987255,458.43
pratt3,89,2,8158,288.161,403.772,585791,277.477
pratt3,89,2,7284,299.521,439.114,983297,433.641
pratt3,89,2,6948,302.179,423.557,806210,361.416
pratt3,89,2,6119,315.01,440.283,969719,429.989
pratt3,89,2,5253,300.344,454.668,950294,438.681
pratt3,89,2,5134,311.723,424.037,841520,371.472
pratt3,89,2,7350,298.128,424.611,826328,370.152
pratt3,89,2,2652,306.284,455.031,899428,423.071
pratt3,89,2,9968,313.732,421.569,791300,351.606
pratt3,89,2,3914,312.776,404.535,499630,245.443
pratt3,89,2,6899,306.28,433.879,829875,379.088
pratt3,89,2,4715,348.207,437.202,510362,261.415
pratt3,89,4,3520,194.541,496.787,696663,377.897
pratt3,89,4,8115,198.139,497.001,554081,312.26
pratt3,89,4,8647,191.857,488.73,667048,359.267
pratt3,89,4,9420,212.965,507.257,541356,313.534
pratt3,89,4,3116,202.427,516.634,622445,360.876
pratt3,89,4,6377,209.272,497.125,567224,310.971
pratt3,89,4,6207,203.87,499.003,997383,497.548
pratt3,89,4,4187,206.683,505.947,637470,355.194
pratt3,89,4,3641,186.86,490.655,700041,377.045
pratt3,89,4,8591,193.638,480.538,581859,315.354
pratt3,89,4,3580,207.404,499.681,527095,304.178
pratt3,89,4,8524,207.554,495.564,531071,299.941
pratt3,89,4,2650,188.828,494.718,624180,352.648
pratt3,89,4,2811,186.683,503.925,658885,367.379
pratt3,89,4,9963,192.743,503.961,709168,387.223
pratt3,89,4,7537,193.295,482.334,706977,369.673
pratt3,89,4,3472,207.965,509.84,575568,336.541
pratt3,89,4,3714,218.719,497.307,455937,261.981
pratt3,89,4,8158,201.167,492.076,570909,316.568
pratt3,89,4,7284,207.569,494.691,527825,295.394
pratt3,89,4,6948,205.097,501.65,557256,319.554
pratt3,89,4,6119,200.884,493.893,746681,390.303
pratt3,89,4,5253,191.857,466.98,505346,274.785
pratt3,89,4,5134,199.139,500.432,776205,410.712
pratt3,89,4,7350,193.527,492.545,575331,321.655
pratt3,89,4,2652,186.797,478.827,593980,321.025
pratt3,89,4,9968,198.139,517.579,802576,437.8
pratt3,89,4,3914,191.752,477.034,554279,302.094
pratt3,89,4,6899,190.541,479.281,686379,357.914
pratt3,89,4,4715,210.833,503.845,533563,310.335
pratt3,89,8,3520,120.169,560.64,703222,420.245
pratt3,89,8,8115,132.985,612.33,791626,507.095
pratt3,89,8,8647,130.409,598.783,963573,580.073
pratt3,89,8,9420,149.346,617.616,996547,615.182
pratt3,89,8,3116,144.866,626.625,445870,313.653
pratt3,89,8,6377,134.688,615.6,736156,477.452
pratt3,89,8,6207,128.295,587.005,590109,377.617
pratt3,89,8,4187,131.739,604.98,720354,460.953
pratt3,89,8,3641,137.337,596.555,530956,348.756
pratt3,89,8,8591,124.451,572.922,986675,566.29
pratt3,89,8,3580,126.679,578.105,720232,439.139
pratt3,89,8,8524,145.547,614.923,549730,371.745
pratt3,89,8,2650,131.829,608.573,755989,484.273
pratt3,89,8,2811,133.286,591.472,551431,361.724
pratt3,89,8,9963,136.748,591.636,447749,305.644
pratt3,89,8,7537,143.003,632.861,614640,422.516
pratt3,89,8,3472,121.839,575.042,730501,449.092
pratt3,89,8,3714,122.268,564.214,694995,417.427
pratt3,89,8,8158,123.565,592.164,738181,466.348
pratt3,89,8,7284,132.172,622.335,886693,562.379
pratt3,89,8,6948,125.592,561.637,757467,443.906
pratt3,89,8,6119,136.985,606.369,634836,417.97
pratt3,89,8,5253,133.112,594.453,856966,520.452
pratt3,89,8,5134,139.013,586.71,534393,347.005
pratt3,89,8,7350,133.611,579.428,934421,545.433
pratt3,89,8,2652,138.953,622.44,544124,379.72
pratt3,89,8,9968,135.259,625.691,718833,470.095
pratt3,89,8,3914,127.424,581.448,604564,380.742
pratt3,89,8,6899,135.551,614.632,782208,501.289
pratt3,89,8,4715,128.683,582.969,687247,426.103
pratt4,115,2,3520,407.668,634.808,989147,629.378
pratt4,115,2,8115,392.014,647.178,948041,624.566
pratt4,115,2,8647,405.005,649.884,992460,646.137
pratt4,115,2,9420,410.717,680.335,994879,677.476
pratt4,115,2,3116,427.06,620.327,643469,455.295
pratt4,115,2,6377,403.183,660.233,993451,656.794
pratt4,115,2,6207,384.065,619.448,980982,610.894
pratt4,115,2,4187,393.684,604.657,877364,551.964
pratt4,115,2,3641,400.759,643.409,962270,626.293
pratt4,115,2,8591,410.981,620.815,956254,600.477
pratt4,115,2,3580,415.663,662.225,990666,657.455
pratt4,115,2,8524,379.534,639.964,991093,635.843
pratt4,115,2,2650,422.288,645.794,992339,641.782
pratt4,115,2,2811,410.05,672.481,998911,671.551
pratt4,115,2,9963,392.128,663.542,969257,649.523
pratt4,115,2,7537,399.014,643.98,995510,641.621
pratt4,115,2,3472,412.05,638.628,1000513,638.449
pratt4,115,2,3714,404.201,654.406,994627,651.621
pratt4,115,2,8158,399.909,678.563,993760,675.411
pratt4,115,2,7284,420.735,684.548,978722,674.219
pratt4,115,2,6948,419.978,682.237,817327,597.163
pratt4,115,2,6119,399.023,614.623,732838,495.167
pratt4,115,2,5253,417.849,659.482,986619,652.614
pratt4,115,2,5134,418.438,642.581,823092,562.171
pratt4,115,2,7350,397.014,601.8,813262,519.981
pratt4,115,2,2652,415.357,671.006,995271,668.426
pratt4,115,2,9968,395.014,626.208,969653,612.508
pratt4,115,2,3914,388.589,648.315,954232,627.586
pratt4,115,2,6899,403.636,644.385,967890,629.83
pratt4,115,2,4715,409.576,653.225,869375,593.916
pratt4,115,4,3520,266.308,786.144,988112,778.754
pratt4,115,4,8115,270.203,777.649,930714,737.715
pratt4,115,4,8647,263.77,726.729,800101,613.995
pratt4,115,4,9420,258.458,733.351,773249,607.78
pratt4,115,4,3116,251.394,722.678,853607,645.493
pratt4,115,4,6377,262.741,731.544,910536,681.41
pratt4,115,4,6207,272.176,777.937,805316,663.766
pratt4,115,4,4187,279.6,767.513,755265,618.476
pratt4,115,4,3641,254.422,736.492,775856,613.063
pratt4,115,4,8591,239.44,714.805,819785,618.441
pratt4,115,4,3580,258.394,724.387,780506,602.409
pratt4,115,4,8524,257.344,733.547,1000736,733.424
pratt4,115,4,2650,245.35,775.319,1000760,775.21
pratt4,115,4,2811,258.737,742.5,858876,663.204
pratt4,115,4,9963,251.846,759.063,936877,724.346
pratt4,115,4,7537,260.437,725.509,696082,558.982
pratt4,115,4,3472,266.157,689.115,527298,422.188
pratt4,115,4,3714,272.275,695.023,648350,491.434
pratt4,115,4,8158,262.29,729.643,755808,593.18
pratt4,115,4,7284,235.993,735.88,995131,732.948
pratt4,115,4,6948,274.939,763.691,777984,632.194
pratt4,115,4,6119,259.956,744.311,977974,731.378
pratt4,115,4,5253,265.851,743.002,792066,627.587
pratt4,115,4,5134,271.888,764.954,997783,763.108
pratt4,115,4,7350,271.194,760.503,863382,680.772
pratt4,115,4,2652,258.308,740.963,737061,592.483
pratt4,115,4,9968,253.869,763.761,1000394,763.48
pratt4,115,4,3914,254.695,752.93,877289,685.079
pratt4,115,4,6899,261.969,727.572,804770,620.47
pratt4,115,4,4715,251.203,770.405,869121,700.134
pratt4,115,8,3520,160.196,849.646,810128,723.101
pratt4,115,8,8115,180.13,910.637,947732,871.822
pratt4,115,8,8647,175.583,923.891,988232,914.564
pratt4,115,8,9420,192.049,916.902,576726,590.551
pratt4,115,8,3116,195.464,903.055,541581,537.602
pratt4,115,8,6377,166.743,891.602,989069,883.39
pratt4,115,8,6207,175.013,885.177,900054,812.496
pratt4,115,8,4187,177.148,892.833,881534,806.001
pratt4,115,8,3641,164.839,840.125,929221,792.267
pratt4,115,8,8591,172.574,880.572,943086,839.078
pratt4,115,8,3580,176.839,843.848,685526,620.411
pratt4,115,8,8524,190.266,936.097,741125,738.408
pratt4,115,8,2650,171.025,875.803,994475,871.247
pratt4,115,8,2811,180.947,885.394,656056,628.677
pratt4,115,8,9963,162.428,871.616,909432,809.017
pratt4,115,8,7537,165.574,838.206,935417,795.033
pratt4,115,8,3472,181.866,910.984,800073,763.762
pratt4,115,8,3714,168.77,889.344,876594,802.293
pratt4,115,8,8158,186.49,890.631,703075,670.138
pratt4,115,8,7284,177.706,892.296,844201,779.346
pratt4,115,8,6948,180.431,879.789,714376,666.104
pratt4,115,8,6119,172.154,882.37,958111,852.387
pratt4,115,8,5253,172.022,887.004,953357,853.191
pratt4,115,8,5134,166.591,888.943,989584,881.257
pratt4,115,8,7350,166.569,877.384,969434,855.956
pratt4,115,8,2652,173.848,944.695,993597,939.364
pratt4,115,8,9968,172.583,914.351,988581,905.629
pratt4,115,8,3914,171.811,896.038,990167,888.565
pratt4,115,8,6899,172.304,894.295,881901,810.345
pratt4,115,8,4715,182.551,891.624,834529,768.267
pratt5,141,2,3520,485.493,896.115,983347,885.83
pratt5,141,2,8115,528.451,948.605,986777,939.894
pratt5,141,2,8647,502.018,916.724,977862,903.229
pratt5,141,2,9420,548.126,981.083,970842,961.83
pratt5,141,2,3116,505.889,891.273,854344,804.778
pratt5,141,2,6377,529.223,954.568,990897,948.089
pratt5,141,2,6207,533.917,944.411,964615,921.87
pratt5,141,2,4187,546.181,887.663,999697,886.864
pratt5,141,2,3641,535.123,937.913,996373,935.095
pratt5,141,2,8591,549.766,942.418,997976,940.435
pratt5,141,2,3580,557.31,979.605,982278,967.813
pratt5,141,2,8524,511.201,894.176,999458,893.295
pratt5,141,2,2650,509.348,905.554,999666,904.77
pratt5,141,2,2811,517.592,926.474,993073,921.83
pratt5,141,2,9963,538.886,925.174,998927,923.851
pratt5,141,2,7537,544.715,967.694,994190,963.455
pratt5,141,2,3472,540.752,1038.61,998462,1037.05
pratt5,141,2,3714,539.295,977.783,999644,976.969
pratt5,141,2,8158,531.88,909.768,980434,896.993
pratt5,141,2,7284,514.904,924.83,996415,922.103
pratt5,141,2,6948,526.552,903.717,981449,891.786
pratt5,141,2,6119,518.876,900.906,992925,896.064
pratt5,141,2,5253,494.913,869.465,983330,859.022
pratt5,141,2,5134,551.94,931.586,941982,893.913
pratt5,141,2,7350,514.484,914.719,984659,904.902
pratt5,141,2,2652,514.625,955.155,987513,947.203
pratt5,141,2,9968,527.3,910.436,997184,908.204
pratt5,141,2,3914,542.889,942.833,997309,940.587
pratt5,141,2,6899,504.715,944.903,992091,939.704
pratt5,141,2,4715,541.388,930.566,995542,927.139
pratt5,141,4,3520,337.33,1077.18,987494,1066.84
pratt5,141,4,8115,334.559,1110.89,983340,1097.58
pratt5,141,4,8647,314.344,1028.44,997488,1025.99
pratt5,141,4,9420,319.28,1000.57,980967,986.178
pratt5,141,4,3116,319.444,1033.71,996041,1030.25
pratt5,141,4,6377,317.302,1051.6,987474,1041.94
pratt5,141,4,6207,332.11,1084.01,994357,1079.06
pratt5,141,4,4187,330.795,1032.34,997353,1029.66
pratt5,141,4,3641,361.047,1120.09,848359,995.419
pratt5,141,4,8591,346.194,1006.36,933766,954.424
pratt5,141,4,3580,323.02,1092.44,991536,1085.56
pratt5,141,4,8524,325.348,1042.04,999970,1041.28
pratt5,141,4,2650,333.804,1079.3,992775,1073.16
pratt5,141,4,2811,318.941,1051.06,999337,1049.95
pratt5,141,4,9963,332.708,1065.02,973570,1044.57
pratt5,141,4,7537,350.143,1103.17,998357,1101.15
pratt5,141,4,3472,332.831,1052.34,968200,1027.51
pratt5,141,4,3714,333.029,1081.75,992549,1075.42
pratt5,141,4,8158,325.699,1048.02,985014,1036.24
pratt5,141,4,7284,311.449,1083.89,998103,1081.91
pratt5,141,4,6948,328.759,1040.53,994175,1035.6
pratt5,141,4,6119,333.613,1026.81,969404,1003.16
pratt5,141,4,5253,331.969,1039.47,945843,998.31
pratt5,141,4,5134,324.882,1060.91,1000493,1060.6
pratt5,141,4,7350,335.019,1097.42,997184,1094.73
pratt5,141,4,2652,317.416,1021.39,980694,1006.73
pratt5,141,4,9968,328.777,1044.49,890082,961.469
pratt5,141,4,3914,326.444,1027.27,999578,1026.28
pratt5,141,4,6899,311.69,1013.66,995357,1009.84
pratt5,141,4,4715,341.567,1115.21,996067,1111.55
pratt5,141,8,3520,233.121,1298.92,988628,1286.66
pratt5,141,8,8115,232.097,1269.94,935820,1206.07
pratt5,141,8,8647,218.272,1216.51,997829,1213.56
pratt5,141,8,9420,226.007,1250.4,994922,1244.44
pratt5,141,8,3116,222.464,1275.91,993269,1268.75
pratt5,141,8,6377,217.865,1213.48,981842,1195.3
pratt5,141,8,6207,240.195,1299.92,909850,1208.07
pratt5,141,8,4187,235.989,1214.36,640958,857.537
pratt5,141,8,3641,237.413,1269.53,962993,1230.67
pratt5,141,8,8591,215.664,1165.43,992311,1157.49
pratt5,141,8,3580,229.551,1296.01,1000470,1295.56
pratt5,141,8,8524,224.473,1292.14,998012,1289.45
pratt5,141,8,2650,219.148,1243.85,1000565,1243.5
pratt5,141,8,2811,234.134,1277.37,995562,1272.07
pratt5,141,8,9963,223.262,1237.88,916002,1157.44
pratt5,141,8,7537,230.635,1266.08,938351,1204.33
pratt5,141,8,3472,219.965,1245.57,995683,1240.59
pratt5,141,8,3714,229.824,1240.86,985078,1225.38
pratt5,141,8,8158,227.71,1313.05,995685,1307.8
pratt5,141,8,7284,210.139,1220.83,988537,1209.37
pratt5,141,8,6948,225.638,1253.31,985488,1238.57
pratt5,141,8,6119,218.031,1220.18,987468,1207.7
pratt5,141,8,5253,229.884,1266.95,997254,1263.33
pratt5,141,8,5134,230.209,1287.33,996651,1283.13
pratt5,141,8,7350,218.345,1231.5,996338,1227.12
pratt5,141,8,2652,224.592,1258.17,973421,1232.13
pratt5,141,8,9968,225.212,1244.88,999324,1243.36
pratt5,141,8,3914,209.737,1220.54,996596,1216.63
pratt5,141,8,6899,221.016,1225.21,997144,1221.7
pratt5,141,8,4715,232.587,1270.97,998494,1268.55
warren1,59,2,3520,195.964,349.179,419368,181.495
warren1,59,2,8115,191.964,347.054,501516,196.724
warren1,59,2,8647,184.384,336.652,786594,280.487
warren1,59,2,9420,177.526,288.664,293525,114.428
warren1,59,2,3116,199.127,309.849,350513,141.511
warren1,59,2,6377,194.403,313.691,545678,197.22
warren1,59,2,6207,182.823,310.092,968775,301.91
warren1,59,2,4187,189.261,300.152,406172,153.63
warren1,59,2,3641,195.544,322.176,576410,209.632
warren1,59,2,8591,172.917,308.843,910746,288.013
warren1,59,2,3580,191.921,305.757,718772,235.702
warren1,59,2,8524,198.403,331.089,543775,210.208
warren1,59,2,2650,185.943,298.368,487038,169.123
warren1,59,2,2811,180.381,297.184,841879,258.075
warren1,59,2,9963,187.544,306.145,577946,201.92
warren1,59,2,7537,190.406,327.745,799414,276.494
warren1,59,2,3472,179.964,304.355,677103,227.95
warren1,59,2,3714,173.526,296.746,565978,192.378
warren1,59,2,8158,172.08,288.879,463900,165.874
warren1,59,2,7284,199.964,313.699,357783,142.677
warren1,59,2,6948,191.961,298.923,491231,167.997
warren1,59,2,6119,186.403,300.657,628414,207.965
warren1,59,2,5253,195.964,341.7,483570,191.191
warren1,59,2,5134,198.363,368.335,832568,316.41
warren1,59,2,7350,191.243,349.214,503144,214.507
warren1,59,2,2652,185.109,326.094,614002,226.343
warren1,59,2,9968,194.403,315.304,412565,163.051
warren1,59,2,3914,193.682,316.381,712909,240.68
warren1,59,2,6899,199.124,325.73,487475,190.908
warren1,59,2,4715,194.819,328.794,465203,183.901
warren1,59,4,3520,127.584,374.742,294553,136.354
warren1,59,4,8115,115.584,343.563,287599,130.286
warren1,59,4,8647,120,375.061,997930,374.073
warren1,59,4,9420,101.982,371.715,932965,353.319
warren1,59,4,3116,112.424,351.734,426132,182.869
warren1,59,4,6377,134.022,399.657,354295,166.701
warren1,59,4,6207,110.018,359.473,819159,306.424
warren1,59,4,4187,107.96,367.719,910397,341.517
warren1,59,4,3641,115.124,376.747,995996,375.157
warren1,59,4,8591,123.584,375.868,667077,266.449
warren1,59,4,3580,109.301,341.538,332287,143.627
warren1,59,4,8524,128.04,380.202,339560,152.726
warren1,59,4,2650,122.018,372.39,373626,160.122
warren1,59,4,2811,119.997,363.07,413487,178.371
warren1,59,4,9963,105.562,365.227,609241,253.303
warren1,59,4,7537,113.562,359.156,314978,142.466
warren1,59,4,3472,105.982,352.092,901538,323.533
warren1,59,4,3714,112,371.423,630891,261.04
warren1,59,4,8158,118.859,382.672,867268,338.772
warren1,59,4,7284,114.442,362.854,881616,325.883
warren1,59,4,6948,108.004,375.293,647333,272.952
warren1,59,4,6119,109.562,354.454,781414,290.911
warren1,59,4,5253,121.297,371.538,988347,367.552
warren1,59,4,5134,108.421,339.903,395019,169.102
warren1,59,4,7350,108.841,370.523,947828,354.89
warren1,59,4,2652,118.022,386.402,470274,219.884
warren1,59,4,9968,112.421,351.452,639171,242.809
warren1,59,4,3914,112.725,343.616,432619,176.778
warren1,59,4,6899,109.562,351.259,736526,274.57
warren1,59,4,4715,111.163,339.398,318106,137.421
warren1,59,8,3520,61.2211,413.25,864057,368.794
warren1,59,8,8115,77.9423,443.341,615384,289.188
warren1,59,8,8647,70.3625,424.585,777125,345.631
warren1,59,8,9420,70.3625,427.588,520505,249.782
warren1,59,8,3116,72.3807,431.876,460307,228.516
warren1,59,8,6377,79.964,464.268,444468,232.511
warren1,59,8,6207,65.2211,430.099,938767,408.793
warren1,59,8,4187,66.3625,423.424,842578,368.772
warren1,59,8,3641,83.2393,484.945,695429,352.182
warren1,59,8,8591,75.2393,424.427,584190,269.384
warren1,59,8,3580,71.9604,414.339,374883,182.77
warren1,59,8,8524,69.2211,438.529,545485,272.864
warren1,59,8,2650,80.0797,455.723,469577,238.977
warren1,59,8,2811,69.2211,422.781,692531,316.667
warren1,59,8,9963,78.3625,444.806,603317,289.483
warren1,59,8,7537,73.2211,439.63,659819,311.225
warren1,59,8,3472,76.8009,450.906,834002,386.63
warren1,59,8,3714,69.9423,436.004,730945,339.403
warren1,59,8,8158,72.7974,432.472,975075,422.793
warren1,59,8,7284,67.9206,434.185,746453,345.029
warren1,59,8,6948,71.2393,430.238,695183,320.291
warren1,59,8,6119,68.3842,421.852,745124,333.282
warren1,59,8,5253,74.8226,450.897,568189,280.769
warren1,59,8,5134,72.8009,455.972,918387,425.12
warren1,59,8,7350,72.7974,429.679,471981,234.331
warren1,59,8,2652,78.4024,457.385,466794,244.579
warren1,59,8,9968,72.8009,429.874,431966,217.72
warren1,59,8,3914,72.8009,429.176,724274,327.647
warren1,59,8,6899,75.6595,444.913,456209,233.07
warren1,59,8,4715,70.8226,427.694,668948,305.004
warren2,85,2,3520,281.642,652.497,833627,567.739
warren2,85,2,8115,305.682,609.315,650752,452.936
warren2,85,2,8647,292.08,529.734,715104,411.141
warren2,85,2,9420,278.062,551.452,928177,521.622
warren2,85,2,3116,277.642,542.96,688887,413.647
warren2,85,2,6377,282.363,539.13,634534,391.907
warren2,85,2,6207,284.385,542.192,621150,387.449
warren2,85,2,4187,247.624,518.175,719307,417.562
warren2,85,2,3641,286.899,530.152,696093,402.773
warren2,85,2,8591,288.805,561.557,697432,431.286
warren2,85,2,3580,285.182,540.052,625244,386.579
warren2,85,2,8524,315.243,557.33,454328,309.007
warren2,85,2,2650,284.385,547.112,527087,339.757
warren2,85,2,2811,277.946,608.856,714264,478.802
warren2,85,2,9963,287.544,558.07,569421,374.758
warren2,85,2,7537,277.486,591.181,890671,544.52
warren2,85,2,3472,282.787,558.493,991874,554.463
warren2,85,2,3714,280.385,554.227,602070,388.805
warren2,85,2,8158,298.74,567.222,572322,380.358
warren2,85,2,7284,284.385,569.058,807164,487.206
warren2,85,2,6948,271.207,562.445,610387,404.112
warren2,85,2,6119,300.425,563.604,667410,420.054
warren2,85,2,5253,275.664,530.916,697345,406.766
warren2,85,2,5134,293.946,566.967,587028,387.73
warren2,85,2,7350,277.642,577.392,803894,495.447
warren2,85,2,2652,290.062,562.245,567333,376.524
warren2,85,2,9968,280.385,545.452,744402,438.569
warren2,85,2,3914,274.102,528.779,676096,394.209
warren2,85,2,6899,281.642,563.433,948239,540.632
warren2,85,2,4715,278.062,540.771,821556,466.237
warren2,85,4,3520,172.345,652.757,734877,518.74
warren2,85,4,8115,155.203,608.384,764817,501.51
warren2,85,4,8647,166.779,649.841,744837,524.123
warren2,85,4,9420,162.018,644.813,981134,635.434
warren2,85,4,3116,147.163,613.974,908069,573.667
warren2,85,4,6377,173.642,664.295,932167,628.546
warren2,85,4,6207,160.305,644.116,937630,613.654
warren2,85,4,4187,172.225,687.999,848998,613.008
warren2,85,4,3641,168.765,637.584,881716,579.862
warren2,85,4,8591,160.765,673.208,994031,669.948
warren2,85,4,3580,169.182,627.875,863804,561.192
warren2,85,4,8524,174.66,675.865,996886,673.748
warren2,85,4,2650,169.182,637.388,728507,500.203
warren2,85,4,2811,183.961,644.621,501974,383.641
warren2,85,4,9963,173.638,625.134,648890,446.722
warren2,85,4,7537,168.345,632.639,715393,491.534
warren2,85,4,3472,165.946,622.34,714347,483.854
warren2,85,4,3714,167.508,649.249,866415,584.235
warren2,85,4,8158,165.225,629.516,811627,539.635
warren2,85,4,7284,170.062,620.314,730167,485.084
warren2,85,4,6948,187.62,642.64,416638,320.393
warren2,85,4,6119,167.921,640.311,787527,535.484
warren2,85,4,5253,184.301,644.825,634601,451.473
warren2,85,4,5134,174.779,650.165,872050,585.151
warren2,85,4,7350,187.504,644.575,480140,366.636
warren2,85,4,2652,171.2,612.586,522308,368.622
warren2,85,4,9968,180.341,610.733,582036,402.698
warren2,85,4,3914,175.62,584.755,803602,492.624
warren2,85,4,6899,183.203,600.207,573134,388.993
warren2,85,4,4715,174.779,592.774,549597,371.581
warren2,85,8,3520,114.703,700.597,696443,518.459
warren2,85,8,8115,98.8191,709.952,992378,705.501
warren2,85,8,8647,115.699,717.355,816825,607.865
warren2,85,8,9420,112.421,710.62,740936,560.901
warren2,85,8,3116,116.837,702.886,628405,476.576
warren2,85,8,6377,107.239,728.278,944300,696.389
warren2,85,8,6207,113.145,731.774,808427,620.652
warren2,85,8,4187,114.399,731.7,757443,584.177
warren2,85,8,3641,105.257,704.04,993467,699.985
warren2,85,8,8591,126.442,713.351,412519,335.061
warren2,85,8,3580,113.142,706.644,639776,497.498
warren2,85,8,8524,108.881,710.685,792332,596.186
warren2,85,8,2650,117.602,701.902,994329,697.905
warren2,85,8,2811,103.124,671.363,836809,585.283
warren2,85,8,9963,119.124,749.075,563183,471.319
warren2,85,8,7537,108.421,760.316,590503,511.937
warren2,85,8,3472,103.96,734.338,906723,682.953
warren2,85,8,3714,112.424,746.03,968370,727.691
warren2,85,8,8158,111.54,691.365,821971,588.454
warren2,85,8,7284,120.721,716.964,558488,449.681
warren2,85,8,6948,120.837,705.51,435910,358.095
warren2,85,8,6119,114.442,700.311,976059,686.092
warren2,85,8,5253,112.421,725.833,993712,721.608
warren2,85,8,5134,113.562,721.848,680819,532.894
warren2,85,8,7350,110.098,717.822,927581,674.052
warren2,85,8,2652,114.439,724.887,631429,502.753
warren2,85,8,9968,100.725,690.565,939140,658.195
warren2,85,8,3914,102.823,680.529,941656,647.971
warren2,85,8,6899,111.54,700.099,995763,697.087
warren2,85,8,4715,103.54,675.965,718723,524.221
warren3,111,2,3520,379.584,1008.05,954514,979.129
warren3,111,2,8115,365.186,824.482,759389,690.021
warren3,111,2,8647,378.744,856.129,844949,764.537
warren3,111,2,9420,385.45,846.365,980012,833.703
warren3,111,2,3116,379.624,862.759,916635,814.294
warren3,111,2,6377,408.885,856.022,961908,831.235
warren3,111,2,6207,379.468,897.478,961641,874.555
warren3,111,2,4187,401.49,840.786,910401,786.012
warren3,111,2,3641,381.91,1013.23,916268,958.383
warren3,111,2,8591,371.696,897.249,990932,891.415
warren3,111,2,3580,383.164,837.141,726202,672.138
warren3,111,2,8524,374.863,814.609,833323,713.316
warren3,111,2,2650,396.61,895.936,984329,885.071
warren3,111,2,2811,424.686,851.762,934403,808.402
warren3,111,2,9963,401.609,831.937,701764,645.45
warren3,111,2,7537,381.186,833.508,813941,715.874
warren3,111,2,3472,386.211,879.732,797690,756.438
warren3,111,2,3714,365.301,876.572,870534,799.553
warren3,111,2,8158,371.928,859.982,916534,809.373
warren3,111,2,7284,369.142,857.627,984662,847.953
warren3,111,2,6948,384.917,866.627,883996,794.784
warren3,111,2,6119,390.486,911.028,999970,910.401
warren3,111,2,5253,415.465,854.324,592714,585.082
warren3,111,2,5134,389.947,925.332,839790,823.95
warren3,111,2,7350,382.022,827.2,616974,594.75
warren3,111,2,2652,394.327,833.133,781086,696.909
warren3,111,2,9968,414.783,958.516,812501,831.562
warren3,111,2,3914,376.349,835.292,940109,799.81
warren3,111,2,6899,393.86,932.765,981982,920.684
warren3,111,2,4715,376.305,846.791,999799,846.096
warren3,111,4,3520,244.421,1083.69,999495,1082.69
warren3,111,4,8115,222.359,1023.36,986225,1013.07
warren3,111,4,8647,235.124,990.195,997149,987.452
warren3,111,4,9420,226.704,1077.4,996782,1074.41
warren3,111,4,3116,242.403,995.319,860656,891.073
warren3,111,4,6377,241.182,1016.16,915174,952.875
warren3,111,4,6207,237.986,1012.94,800381,868.131
warren3,111,4,4187,240.417,963.821,998465,962.091
warren3,111,4,3641,232.381,901.799,984727,890.6
warren3,111,4,8591,241.261,952.002,998822,950.509
warren3,111,4,3580,229.146,946.156,984901,935.689
warren3,111,4,8524,230.863,911.914,993564,906.925
warren3,111,4,2650,227.957,896.893,852323,802.042
warren3,111,4,2811,247.164,953.101,996076,949.842
warren3,111,4,9963,232.841,866.37,678651,655.196
warren3,111,4,7537,235.124,951.676,801690,820.034
warren3,111,4,3472,257.562,944.759,629361,676.495
warren3,111,4,3714,242.439,926.378,715618,731.619
warren3,111,4,8158,241.142,927.005,990892,920.04
warren3,111,4,7284,229.146,921.267,987590,912.539
warren3,111,4,6948,223.283,956.894,931206,908.236
warren3,111,4,6119,233.142,1068.93,956610,1034.12
warren3,111,4,5253,220.685,930.959,987013,922.087
warren3,111,4,5134,243.584,888.216,692816,678.94
warren3,111,4,7350,250.819,921.283,610218,640.548
warren3,111,4,2652,225.146,923.036,989397,915.263
warren3,111,4,9968,225.678,921.098,946705,886.212
warren3,111,4,3914,227.584,955.536,970032,935.485
warren3,111,4,6899,245.142,963.645,924266,910.766
warren3,111,4,4715,222.403,897.436,896376,831.642
warren3,111,8,3520,143.692,1041.78,969269,1017.07
warren3,111,8,8115,150.326,1109.64,993820,1103.74
warren3,111,8,8647,158.018,1066.29,996670,1062.81
warren3,111,8,9420,147.736,1019.51,990554,1011.34
warren3,111,8,3116,165.297,1067.13,961533,1033.19
warren3,111,8,6377,143.163,1013.54,875679,919.133
warren3,111,8,6207,143.584,978.612,953292,942.519
warren3,111,8,4187,154.783,1026.2,967077,998.746
warren3,111,8,3641,150.439,1016.18,994126,1010.74
warren3,111,8,8591,150.743,976.815,986998,965.754
warren3,111,8,3580,139.885,991.095,971705,969.635
warren3,111,8,8524,157.182,1081.77,861510,966.872
warren3,111,8,2650,149.182,1038.86,983788,1025.08
warren3,111,8,2811,160.765,1046.24,777628,863.021
warren3,111,8,9963,141.562,1004.52,865021,903.143
warren3,111,8,7537,144.417,1008.26,970004,984.229
warren3,111,8,3472,149.602,1036.6,996247,1033.03
warren3,111,8,3714,155.163,1020.86,998537,1018.95
warren3,111,8,8158,164.46,1016.16,874742,909.432
warren3,111,8,7284,152.721,1013.26,899354,932.312
warren3,111,8,6948,149.562,1012.79,969763,988.307
warren3,111,8,6119,146.323,1022.47,999214,1021.19
warren3,111,8,5253,163.584,1047.19,836336,908.065
warren3,111,8,5134,158.703,1024.47,997752,1021.74
warren3,111,8,7350,152.04,1053.18,1000892,1053.11
warren3,111,8,2652,159.577,1052.86,995900,1048.67
warren3,111,8,9968,148.421,953.575,839601,828.093
warren3,111,8,3914,141.142,990.538,981046,974.806
warren3,111,8,6899,148.721,1067.21,993018,1060.95
warren3,111,8,4715,158.323,1044.04,849275,915.252
warren4,137,2,3520,457.563,1306.6,994956,1302.16
warren4,137,2,8115,484.885,1204.45,1000666,1204.26
warren4,137,2,8647,485.602,1276.37,1000356,1275.94
warren4,137,2,9420,465.979,1188.5,998538,1186.59
warren4,137,2,3116,468.841,1186.24,926182,1128.88
warren4,137,2,6377,477.609,1333.96,1000168,1333.37
warren4,137,2,6207,501.986,1378.31,999100,1376.87
warren4,137,2,4187,497.91,1253.51,991113,1245.25
warren4,137,2,3641,507.465,1395.63,998625,1393.67
warren4,137,2,8591,511.32,1263.43,923028,1196.37
warren4,137,2,3580,504.342,1294.39,996012,1290.23
warren4,137,2,8524,463.7,1216.52,997433,1213.75
warren4,137,2,2650,494.062,1274.96,982759,1259.51
warren4,137,2,2811,512.61,1345.85,979792,1327.71
warren4,137,2,9963,495.892,1280.8,999283,1279.48
warren4,137,2,7537,465.566,1245.46,1000455,1245.15
warren4,137,2,3472,471.121,1240.01,1000281,1239.55
warren4,137,2,3714,515.882,1302.93,964676,1272.43
warren4,137,2,8158,452.385,1207.04,993450,1201.55
warren4,137,2,7284,513.867,1297.27,991880,1289.09
warren4,137,2,6948,487.544,1314.59,978702,1296.55
warren4,137,2,6119,480.686,1244.21,983416,1229.71
warren4,137,2,5253,484.041,1307.82,989106,1298.13
warren4,137,2,5134,473.407,1253.15,988458,1242.99
warren4,137,2,7350,500.309,1288.36,982503,1273.29
warren4,137,2,2652,503.882,1258.08,993517,1251.87
warren4,137,2,9968,483.432,1224.99,984633,1212.72
warren4,137,2,3914,477.606,1126.31,990151,1118.3
warren4,137,2,6899,512.262,1201.75,962636,1170.11
warren4,137,2,4715,503.889,1201.7,989298,1192.54
warren4,137,4,3520,296.504,1342.52,992159,1334.7
warren4,137,4,8115,313.91,1325.69,998994,1323.8
warren4,137,4,8647,310.439,1310.09,1000155,1309.42
warren4,137,4,9420,317.867,1364.43,935213,1300.86
warren4,137,4,3116,295.997,1371.9,985745,1357.98
warren4,137,4,6377,288.718,1276.89,994568,1270.38
warren4,137,4,6207,303.617,1460.31,1000760,1460.08
warren4,137,4,4187,308.95,1345.87,996111,1341.58
warren4,137,4,3641,291.247,1294.62,997387,1291.47
warren4,137,4,8591,314.055,1338.52,932922,1273.97
warren4,137,4,3580,299.921,1327.39,1000997,1327.38
warren4,137,4,8524,298.7,1367.72,991360,1358.83
warren4,137,4,2650,285.86,1277.45,996384,1273.63
warren4,137,4,2811,295.885,1296.04,993207,1289.12
warren4,137,4,9963,309.07,1294,998461,1291.86
warren4,137,4,7537,293.599,1183.92,996670,1180.18
warren4,137,4,3472,319.24,1270.67,1000475,1270.23
warren4,137,4,3714,318.283,1255.03,995386,1249.92
warren4,137,4,8158,288.762,1281.52,992403,1274.44
warren4,137,4,7284,315.504,1354,1000784,1353.84
warren4,137,4,6948,309.599,1277.13,996647,1273.26
warren4,137,4,6119,317.149,1244.74,993788,1238.44
warren4,137,4,5253,330.323,1319.42,999135,1317.87
warren4,137,4,5134,307.044,1268.02,968441,1239.67
warren4,137,4,7350,324.646,1303.81,995034,1298.54
warren4,137,4,2652,304.219,1279.91,982336,1264.03
warren4,137,4,9968,332.229,1317.74,998518,1315.55
warren4,137,4,3914,285.145,1232.32,937861,1180.38
warren4,137,4,6899,320.682,1260.65,992415,1253
warren4,137,4,4715,314.251,1311.82,987282,1299.74
warren4,137,8,3520,203.2,1515.36,998546,1512.69
warren4,137,8,8115,196.646,1405.55,977748,1380.57
warren4,137,8,8647,213.602,1503.83,984439,1485.25
warren4,137,8,9420,211.084,1516.62,985126,1498.52
warren4,137,8,3116,204.384,1549.86,998056,1546.5
warren4,137,8,6377,206.664,1544.95,997586,1541.43
warren4,137,8,6207,200.46,1303.84,990245,1293
warren4,137,8,4187,199.924,1308.65,987325,1295.35
warren4,137,8,3641,203.044,1359.11,1000462,1358.63
warren4,137,8,8591,208.646,1615.59,991140,1603.63
warren4,137,8,3580,203.544,1583.86,987390,1569.19
warren4,137,8,8524,203.2,1483.1,977001,1457.24
warren4,137,8,2650,195.58,1550.09,999110,1547.39
warren4,137,8,2811,197.645,1594.93,991726,1584.54
warren4,137,8,9963,193.221,1523.08,993414,1514.34
warren4,137,8,7537,201.142,1523.22,1000867,1523.09
warren4,137,8,3472,214.366,1513.92,953136,1459.97
warren4,137,8,3714,197.482,1356.98,1000566,1356.6
warren4,137,8,8158,200.642,1333.64,985249,1318.18
warren4,137,8,7284,208.077,1380.82,993266,1372.63
warren4,137,8,6948,212.341,1362.34,940156,1298.12
warren4,137,8,6119,201.221,1284.73,980828,1264.04
warren4,137,8,5253,197.221,1297.02,867954,1170.82
warren4,137,8,5134,208.341,1329.92,990729,1319.51
warren4,137,8,7350,199.623,1298.06,994165,1291.55
warren4,137,8,2652,208.881,1314.84,999472,1313.35
warren4,137,8,9968,202.819,1381.73,993332,1374.11
warren4,137,8,3914,198.058,1339.14,954198,1293.8
warren4,137,8,6899,206.323,1334.13,977300,1309.22
warren4,137,8,4715,205.486,1314.89,990884,1304.6
warren5,163,2,3520,626.284,1793.46,990827,1782.42
warren5,163,2,8115,635.287,1653.63,991892,1643.97
warren5,163,2,8647,596.947,1722.27,993535,1714.56
warren5,163,2,9420,621.563,1699.95,992959,1691.52
warren5,163,2,3116,601.785,1757.91,962460,1715.41
warren5,163,2,6377,616.234,1756.44,998757,1754.1
warren5,163,2,6207,580.005,1668.55,989734,1656.91
warren5,163,2,4187,626.168,1711.34,990623,1700.06
warren5,163,2,3641,596.882,1742.3,996767,1737.84
warren5,163,2,8591,573.719,1605.62,998405,1603.15
warren5,163,2,3580,617.755,1756.19,981345,1735.3
warren5,163,2,8524,606.824,1739.01,960743,1696.97
warren5,163,2,2650,596.382,1630.04,1000435,1629.5
warren5,163,2,2811,625.708,1738.02,999629,1736.67
warren5,163,2,9963,687.469,1831.95,998273,1828.88
warren5,163,2,7537,585.219,1703.35,1000021,1702.5
warren5,163,2,3472,610,1735,998161,1732
warren5,163,2,3714,602,1710,1000944,1710
warren5,163,2,8158,617,1749,994144,1742
warren5,163,2,7284,636,1625,988895,1613
warren5,163,2,6948,608,1621,966981,1588
warren5,163,2,6119,635.849,1652.95,999181,1651.16
warren5,163,2,5253,604.885,1546.23,959330,1506.65
warren5,163,2,5134,578.672,1538.26,992997,1530.78
warren5,163,2,7350,613.911,1536.5,997545,1533.11
warren5,163,2,2652,626.4,1621.16,995408,1615.52
warren5,163,2,9968,553.371,1484.59,1000259,1484.06
warren5,163,2,3914,635.74,1773.43,992853,1764.44
warren5,163,2,6899,605.071,1641.54,988397,1629.32
warren5,163,2,4715,627.889,1583.3,999702,1582.07
warren5,163,4,3520,374.823,1737.6,976869,1708.8
warren5,163,4,8115,393.718,1830.81,997375,1826.34
warren5,163,4,8647,382.744,1806.92,987176,1790.68
warren5,163,4,9420,383.399,1877.87,992881,1868.55
warren5,163,4,3116,427.019,1904.42,996161,1898.57
warren5,163,4,6377,414.631,1820.59,989637,1806.98
warren5,163,4,6207,385.139,1738.63,998320,1735.59
warren5,163,4,4187,410.624,1748.8,997533,1744.68
warren5,163,4,3641,369.936,1633.84,983530,1614.38
warren5,163,4,8591,377.102,1744.54,994517,1737.25
warren5,163,4,3580,381.447,1658.28,999743,1656.82
warren5,163,4,8524,406.244,1708.1,998758,1705.25
warren5,163,4,2650,381.225,1757.1,996210,1751.66
warren5,163,4,2811,382.78,1727.93,987940,1713.69
warren5,163,4,9963,388.993,1688.51,999563,1686.89
warren5,163,4,7537,396.943,1761.99,1000389,1761.37
warren5,163,4,3472,423.048,1817.7,990404,1804.59
warren5,163,4,3714,410.062,1715.99,992036,1705.29
warren5,163,4,8158,376.526,1633.96,1000280,1633.21
warren5,163,4,7284,400.265,1819.54,997565,1815.25
warren5,163,4,6948,368.566,1548.6,976070,1519.75
warren5,163,4,6119,393.986,1554.7,1000761,1554.5
warren5,163,4,5253,407.885,1630.87,996580,1625.24
warren5,163,4,5134,383.28,1766.01,999237,1764.09
warren5,163,4,7350,376.801,1804.27,1000140,1803.41
warren5,163,4,2652,410.026,1869.6,989762,1855.52
warren5,163,4,9968,396.722,1918.83,999339,1916.87
warren5,163,4,3914,396.917,1935.83,994166,1927.58
warren5,163,4,6899,381.87,1617.75,980484,1596
warren5,163,4,4715,397.483,1658.99,979129,1634.77
warren5,163,8,3520,274.399,1701.52,997355,1696.98
warren5,163,8,8115,274.747,1701.97,976348,1670.52
warren5,163,8,8647,270.859,1674.28,992554,1663.84
warren5,163,8,9420,257.062,1611.08,964732,1567.15
warren5,163,8,3116,236.838,1525.45,999391,1523.74
warren5,163,8,6377,256.265,1643.79,996362,1638.24
warren5,163,8,6207,289.982,1764.31,999864,1762.85
warren5,163,8,4187,274.707,1737.83,978714,1709.2
warren5,163,8,3641,264.685,1679.27,979364,1652.86
warren5,163,8,8591,267.885,1711.69,999929,1710.35
warren5,163,8,3580,259.124,1647.93,996885,1642.87
warren5,163,8,8524,239.08,1585.64,995737,1579.67
warren5,163,8,2650,249.301,1658.27,1000826,1658.1
warren5,163,8,2811,262.704,1687.76,998216,1684.5
warren5,163,8,9963,270.243,1725.32,997602,1720.47
warren5,163,8,7537,272.12,1679.46,986691,1661.31
warren5,163,8,3472,255.504,1655.78,996139,1650.14
warren5,163,8,3714,258.243,1702.1,999980,1700.86
warren5,163,8,8158,254.66,1632.88,1000514,1632.36
warren5,163,8,7284,265.403,1695.09,994957,1687.49
warren5,163,8,6948,274.859,1771.89,993998,1762.85
warren5,163,8,6119,257.265,1615.75,984924,1596.5
warren5,163,8,5253,268.424,1711.88,998306,1708.52
warren5,163,8,5134,253.823,1577.02,999615,1575.51
warren5,163,8,7350,260.801,1553.98,999629,1552.43
warren5,163,8,2652,258.515,1522.62,1000163,1521.79
warren5,163,8,9968,265.823,1564.01,986275,1546.82
warren5,163,8,3914,276.725,1637.79,999893,1636.5
warren5,163,8,6899,242.363,1503.28,998685,1500.8
warren5,163,8,4715,261.566,1609.11,997905,1605.58