Instance,Edges,k,Seed,Objective,Total Time (s),Evals
howe1,37,2,8115,112.574235,13.238,11771
howe1,37,2,3520,112.565028,12.965,7286
howe1,37,2,8647,112.679021,12.981,4105
howe1,37,2,9420,113.697197,13.648,55
howe1,37,2,3116,112.679021,14.279,2615
howe1,37,2,6377,112.985252,14.366,14746
howe1,37,2,6207,113.592411,13.007,10845
howe1,37,2,4187,112.565028,15.492,3071
howe1,37,2,3641,112.679021,13.236,9826
howe1,37,2,8591,112.565028,13.441,4717
howe1,37,2,3580,112.565028,13.435,8588
howe1,37,2,8524,112.565028,13.198,438
howe1,37,2,2650,112.565028,13.292,4360
howe1,37,2,2811,112.565028,13.157,4149
howe1,37,2,9963,112.565028,13.261,6710
howe1,37,2,7537,112.565028,14.697,9723
howe1,37,2,3472,113.592411,14.813,13926
howe1,37,2,3714,112.574235,13.04,131
howe1,37,2,8158,112.574235,12.814,2833
howe1,37,2,7284,112.679021,13.328,5476
howe1,37,2,6948,112.574235,12.752,4144
howe1,37,2,6119,113.583204,13.032,2318
howe1,37,2,5253,112.574235,12.328,11661
howe1,37,2,5134,112.574235,13.022,11262
howe1,37,2,7350,112.574235,12.59,5947
howe1,37,2,2652,112.574235,13.361,14562
howe1,37,2,9968,113.390966,12.446,5998
howe1,37,2,3914,112.574235,13.912,9552
howe1,37,2,6899,112.565028,13.425,2604
howe1,37,2,4715,112.565028,13.536,3046
howe1,37,4,8115,62.282514,12.932,5913
howe1,37,4,3520,62.273307,13.751,8065
howe1,37,4,8647,63.720914,13.239,1523
howe1,37,4,9420,60.720914,14.024,10127
howe1,37,4,3116,62.273307,14.147,4330
howe1,37,4,6377,65.150345,13.091,9380
howe1,37,4,6207,60.720914,12.992,8262
howe1,37,4,4187,63.730121,13.723,7542
howe1,37,4,3641,62.282514,13.703,8871
howe1,37,4,8591,62.396507,13.435,9436
howe1,37,4,3580,62.168521,13.401,4666
howe1,37,4,8524,62.396507,13.708,14745
howe1,37,4,2650,62.396507,13.353,1005
howe1,37,4,2811,62.396507,14.155,7206
howe1,37,4,9963,62.994459,14.024,13574
howe1,37,4,7537,64.30069,14.433,4127
howe1,37,4,3472,64.240621,14.322,4243
howe1,37,4,3714,62.273307,13.065,13035
howe1,37,4,8158,63.414683,13.96,896
howe1,37,4,7284,64.42389,15.471,2056
howe1,37,4,6948,63.414683,14.154,5409
howe1,37,4,6119,65.141138,13.235,6295
howe1,37,4,5253,63.414683,13.593,7434
howe1,37,4,5134,62.889673,12.585,68
howe1,37,4,7350,65.150345,13.825,14252
howe1,37,4,2652,62.994459,13.804,8095
howe1,37,4,9968,62.396507,14.054,12868
howe1,37,4,3914,63.414683,14.668,5497
howe1,37,4,6899,62.396507,14.313,3817
howe1,37,4,4715,62.396507,13.509,8232
howe1,37,8,8115,39.008969,13.739,12797
howe1,37,8,3520,37.291721,13.566,1837
howe1,37,8,8647,38.588745,14.075,2146
howe1,37,8,9420,36.150345,13.847,11627
howe1,37,8,3116,37,13.587,293
howe1,37,8,6377,39.720914,13.358,10187
howe1,37,8,6207,39.720914,13.12,13900
howe1,37,8,4187,37.711945,13.793,13347
howe1,37,8,3641,37.291721,13.775,10584
howe1,37,8,8591,37.711945,13.876,6614
howe1,37,8,3580,37.711945,13.74,11961
howe1,37,8,8524,40.579776,13.918,9953
howe1,37,8,2650,39.008969,14.602,6730
howe1,37,8,2811,39.264338,14.542,14903
howe1,37,8,9963,40.159552,14.194,1984
howe1,37,8,7537,38.588745,13.584,1622
howe1,37,8,3472,39.720914,15.123,575
howe1,37,8,3714,40.159552,14.953,665
howe1,37,8,8158,39.008969,13.349,1801
howe1,37,8,7284,37.711945,13.707,8890
howe1,37,8,6948,39.008969,14.101,4352
howe1,37,8,6119,39.720914,14.498,2055
howe1,37,8,5253,37.291721,14.168,10191
howe1,37,8,5134,37.291721,14.112,14588
howe1,37,8,7350,39.008969,13.433,929
howe1,37,8,2652,39.008969,13.823,9989
howe1,37,8,9968,39.008969,14.498,6629
howe1,37,8,3914,39.264338,14.335,10887
howe1,37,8,6899,39.264338,14.164,94
howe1,37,8,4715,38.844114,13.577,12238
howe2,63,2,8115,185.295149,33.482,5210
howe2,63,2,3520,186.295149,33.83,7266
howe2,63,2,8647,186.559725,33.284,6043
howe2,63,2,9420,182.427318,33.047,4576
howe2,63,2,3116,182.847542,33.61,13946
howe2,63,2,6377,182.847542,33.034,4578
howe2,63,2,6207,185.814856,32.814,12258
howe2,63,2,4187,183.313325,34.195,12013
howe2,63,2,3641,184.751725,31.604,12247
howe2,63,2,8591,186.007094,31.15,12692
howe2,63,2,3580,187.568694,31.755,6939
howe2,63,2,8524,185.295149,31.345,3847
howe2,63,2,2650,186.856749,31.379,13122
howe2,63,2,2811,185.541311,32.222,12278
howe2,63,2,9963,183.454701,30.778,10600
howe2,63,2,7537,183.847542,31.358,4163
howe2,63,2,3472,182.541311,31.351,9311
howe2,63,2,3714,187.568694,31.52,6574
howe2,63,2,8158,185.997887,30.932,13358
howe2,63,2,7284,182.427318,32.002,4979
howe2,63,2,6948,184.988918,31.759,12196
howe2,63,2,6119,185.541311,31.383,9556
howe2,63,2,5253,186.592173,31.549,7944
howe2,63,2,5134,182.847542,31.39,4512
howe2,63,2,7350,185.399935,31.456,306
howe2,63,2,2652,182.532104,30.675,7956
howe2,63,2,9968,183.751963,31.38,13843
howe2,63,2,3914,187.988918,31.638,14632
howe2,63,2,6899,187.139263,33.092,8653
howe2,63,2,4715,182.715373,32.255,13836
howe2,63,4,8115,104.592411,32.158,12213
howe2,63,4,3520,107.258797,31.971,3272
howe2,63,4,8647,107.688228,33.014,14680
howe2,63,4,9420,104.030811,32.978,1426
howe2,63,4,3116,104.706404,32.193,9222
howe2,63,4,6377,105.706404,31.773,352
howe2,63,4,6207,103.574235,32.591,11857
howe2,63,4,4187,106.73909,32.169,12846
howe2,63,4,3641,97.84778,32.211,11961
howe2,63,4,8591,103.970742,31.605,1854
howe2,63,4,3580,103.688228,31.799,11999
howe2,63,4,8524,101.660845,31.758,11224
howe2,63,4,2650,105.30069,32.845,6102
howe2,63,4,2811,101.414683,32.57,1743
howe2,63,4,9963,107.889673,32.717,11116
howe2,63,4,7537,107.258797,32.723,11478
howe2,63,4,3472,104.108452,32.423,4151
howe2,63,4,3714,104.880466,32.687,8446
howe2,63,4,8158,103.154011,32.391,3863
howe2,63,4,7284,106.523135,32.257,6148
howe2,63,4,6948,103.679021,31.435,14278
howe2,63,4,6119,102.72458,31.84,2222
howe2,63,4,5253,103.679021,31.944,2865
howe2,63,4,5134,104.706404,31.567,1741
howe2,63,4,7350,105.112118,31.546,11424
howe2,63,4,2652,101.442066,31.997,3192
howe2,63,4,9968,105.240621,31.467,2803
howe2,63,4,3914,104.715611,31.845,5099
howe2,63,4,6899,105.414683,32.469,5632
howe2,63,4,4715,104.28618,32.636,9077
howe2,63,8,8115,61.150345,32.657,5607
howe2,63,8,3520,60.720914,32.245,13757
howe2,63,8,8647,62.282514,32.349,14573
howe2,63,8,9420,62.994459,32.635,337
howe2,63,8,3116,60.264338,31.869,8036
howe2,63,8,6377,61.688228,32.395,12499
howe2,63,8,6207,61.282514,32.223,8555
howe2,63,8,4187,62.003666,32.064,7224
howe2,63,8,3641,57.853083,33.47,6698
howe2,63,8,8591,60.730121,31.695,4389
howe2,63,8,3580,62.282514,32.953,14196
howe2,63,8,8524,63.003666,32.892,11634
howe2,63,8,2650,61.86229,31.947,11409
howe2,63,8,2811,59.42389,32.004,9381
howe2,63,8,9963,62.282514,32.203,9590
howe2,63,8,7537,60.976283,32.146,5312
howe2,63,8,3472,62.273307,31.705,10001
howe2,63,8,3714,60.976283,32.769,13765
howe2,63,8,8158,57.291721,33.558,3054
howe2,63,8,7284,62.273307,32.329,14840
howe2,63,8,6948,61.442066,33.454,9094
howe2,63,8,6119,62.273307,32.152,4579
howe2,63,8,5253,61.73909,32.778,14164
howe2,63,8,5134,62.177728,32.495,7096
howe2,63,8,7350,62.73909,32.481,5031
howe2,63,8,2652,60.442066,31.96,6923
howe2,63,8,9968,60.240621,31.763,3289
howe2,63,8,3914,62.168521,32.676,14654
howe2,63,8,6899,62.282514,32.263,8352
howe2,63,8,4715,61.853083,32.024,14463
howe3,89,2,8115,257.001553,56.67,11180
howe3,89,2,3520,257.421777,56.213,6544
howe3,89,2,8647,258.421777,55.991,9931
howe3,89,2,9420,257.001553,55.991,12243
howe3,89,2,3116,259.271432,56.048,8018
howe3,89,2,6377,256.289608,57.022,9727
howe3,89,2,6207,258.518436,56.029,1234
howe3,89,2,4187,257.869384,56.573,10889
howe3,89,2,3641,254.553946,56.28,455
howe3,89,2,8591,257.115546,56.416,11221
howe3,89,2,3580,259.275098,55.756,7558
howe3,89,2,8524,259.139025,55.911,14101
howe3,89,2,2650,256.586632,58.668,11604
howe3,89,2,2811,255.869384,56.081,5554
howe3,89,2,9963,256.878591,58.667,5719
howe3,89,2,7537,256.289608,55.737,14305
howe3,89,2,3472,257.823825,57.093,13313
howe3,89,2,3714,261.623222,59.562,14351
howe3,89,2,8158,256.289608,57.163,7454
howe3,89,2,7284,259.869384,56.533,4981
howe3,89,2,6948,261.90207,57.841,12148
howe3,89,2,6119,255.389091,58.233,14384
howe3,89,2,5253,256.088163,57.002,2112
howe3,89,2,5134,259.439953,58.886,12413
howe3,89,2,7350,255.983377,58.939,9332
howe3,89,2,2652,258.44916,58.026,9056
howe3,89,2,9968,253.307784,56.667,8055
howe3,89,2,3914,259.028936,58.227,14551
howe3,89,2,6899,259.028936,56.544,2390
howe3,89,2,4715,256.412808,56.772,13868
howe3,89,4,8115,145.865956,57.976,8821
howe3,89,4,3520,145.79668,57.329,10333
howe3,89,4,8647,147.829366,56.923,14857
howe3,89,4,9420,143.427556,56.857,10532
howe3,89,4,3116,143.592411,56.35,7957
howe3,89,4,6377,138.838573,58.316,13734
howe3,89,4,6207,144.171949,58.134,14923
howe3,89,4,4187,141.390966,57.037,8563
howe3,89,4,3641,144.970742,57.982,164
howe3,89,4,8591,144.121087,57.253,4903
howe3,89,4,3580,146.487625,58.777,4680
howe3,89,4,8524,140.715373,57.371,4625
howe3,89,4,2650,141.742756,56.796,2476
howe3,89,4,2811,134.706404,57.19,12706
howe3,89,4,9963,145.970742,58.192,8740
howe3,89,4,7537,143.390728,56.745,13116
howe3,89,4,3472,141.884132,57.193,4634
howe3,89,4,3714,141.871259,57.827,10180
howe3,89,4,8158,141.400173,56.326,2739
howe3,89,4,7284,144.847542,56.428,11356
howe3,89,4,6948,144.130294,57.368,12280
howe3,89,4,6119,141.555821,57.868,715
howe3,89,4,5253,139.583204,57.798,12293
howe3,89,4,5134,144.715373,58.419,12309
howe3,89,4,7350,142.979711,57.461,356
howe3,89,4,2652,143.496594,59.529,1209
howe3,89,4,9968,144.144804,60.377,7812
howe3,89,4,3914,144.875163,56.245,13419
howe3,89,4,6899,146.824063,57.283,14090
howe3,89,4,4715,142.81119,56.501,10510
howe3,89,8,8115,86.154011,57.065,111
howe3,89,8,3520,85.442066,58.716,5491
howe3,89,8,8647,84.17749,58.685,14587
howe3,89,8,9420,84.108452,58.222,10374
howe3,89,8,3116,84.28618,57.454,2715
howe3,89,8,6377,84.442066,57.982,5327
howe3,89,8,6207,84.952566,57.308,11085
howe3,89,8,4187,85.442066,57.857,11823
howe3,89,8,3641,83.282514,58.144,2417
howe3,89,8,8591,85.012635,57.633,2447
howe3,89,8,3580,82.268004,57.25,8438
howe3,89,8,8524,81.86229,57.969,14408
howe3,89,8,2650,84.880466,58.606,12164
howe3,89,8,2811,85.546852,58.199,914
howe3,89,8,9963,84.42389,58.519,8623
howe3,89,8,7537,81.86229,58.714,14158
howe3,89,8,3472,82.73909,58.824,11569
howe3,89,8,3714,85.432859,58.096,4810
howe3,89,8,8158,84.414683,58.009,8380
howe3,89,8,7284,86.154011,57.542,4314
howe3,89,8,6948,84.730121,57.184,14098
howe3,89,8,6119,83.258797,58.427,9466
howe3,89,8,5253,84.30069,59.599,8834
howe3,89,8,5134,83.565028,57.985,9435
howe3,89,8,7350,81.976283,58.055,2173
howe3,89,8,2652,82.268004,56.936,2286
howe3,89,8,9968,82.144804,58.279,5990
howe3,89,8,3914,82.679021,58.762,2527
howe3,89,8,6899,85.414683,57.629,13576
howe3,89,8,4715,83.273307,58.143,2681
howe4,115,2,8115,336.110005,89.531,10994
howe4,115,2,3520,332.986805,90.808,10397
howe4,115,2,8647,331.146595,88.907,9629
howe4,115,2,9420,330.617681,90.729,9710
howe4,115,2,3116,336.617681,90.225,8468
howe4,115,2,6377,332.599505,90.034,8380
howe4,115,2,6207,330.74985,90.462,6767
howe4,115,2,4187,333.302243,91.991,3590
howe4,115,2,3641,329.416236,90.201,2569
howe4,115,2,8591,334.161105,91.161,14994
howe4,115,2,3580,334.759057,88.827,755
howe4,115,2,8524,326.87305,89.317,10731
howe4,115,2,2650,330.617681,89.072,6394
howe4,115,2,2811,328.005219,88.946,13633
howe4,115,2,9963,334.608474,88.561,7362
howe4,115,2,7537,336.590298,88.117,464
howe4,115,2,3472,334.458129,90.999,14885
howe4,115,2,3714,330.863843,91.754,14448
howe4,115,2,8158,325.452826,90.507,4628
howe4,115,2,7284,326.458129,92.2,8394
howe4,115,2,6948,333.184584,90.007,2057
howe4,115,2,6119,328.740881,90.043,7111
howe4,115,2,5253,332.590298,88.195,4085
howe4,115,2,5134,335.74985,89.835,11106
howe4,115,2,7350,330.863843,88.962,13570
howe4,115,2,2652,329.320657,90.687,10435
howe4,115,2,9968,332.78644,90.175,12869
howe4,115,2,3914,328.18825,90.712,1602
howe4,115,2,6899,333.891226,91.138,9603
howe4,115,2,4715,337.010522,89.416,5576
howe4,115,4,8115,183.280639,91.2,5976
howe4,115,4,3520,186.427318,91.821,7868
howe4,115,4,8647,188.322532,90.655,5123
howe4,115,4,9420,187.153773,90.395,7280
howe4,115,4,3116,182.856749,90.61,14903
howe4,115,4,6377,185.833032,93.427,7827
howe4,115,4,6207,183.24959,91.773,5304
howe4,115,4,4187,183.034477,91.204,7254
howe4,115,4,3641,185.436525,91.025,11064
howe4,115,4,8591,185.856749,90.087,3649
howe4,115,4,3580,187.322532,90.631,12409
howe4,115,4,8524,183.568694,90.676,14975
howe4,115,4,2650,186.787473,90.966,13676
howe4,115,4,2811,183.304118,89.266,6659
howe4,115,4,9963,188.596077,89.943,6468
howe4,115,4,7537,187.742756,90.678,2232
howe4,115,4,3472,185.838335,90.655,7671
howe4,115,4,3714,183.304356,90.59,9213
howe4,115,4,8158,189.262225,91.419,7069
howe4,115,4,7284,177.856749,91.903,9047
howe4,115,4,6948,188.454463,91.113,12804
howe4,115,4,6119,186.427318,90.929,3615
howe4,115,4,5253,179.499418,90.428,11080
howe4,115,4,5134,183.034477,90.155,13973
howe4,115,4,7350,184.856511,90.892,2836
howe4,115,4,2652,184.865718,90.54,14688
howe4,115,4,9968,179.244049,90.476,9969
howe4,115,4,3914,182.322532,91.248,7483
howe4,115,4,6899,181.007094,89.045,3648
howe4,115,4,4715,176.121087,91.086,9609
howe4,115,8,8115,105.135835,91.396,8997
howe4,115,8,3520,104.715611,92.621,2026
howe4,115,8,8647,107.73909,92.98,8253
howe4,115,8,9420,103.679021,93.243,9245
howe4,115,8,3116,106.003428,93.577,4775
howe4,115,8,6377,105.829366,92.91,3908
howe4,115,8,6207,104.276973,91.378,10840
howe4,115,8,4187,107.040018,92.252,3531
howe4,115,8,3641,101.733787,96.98,14371
howe4,115,8,8591,105.84778,91.741,1959
howe4,115,8,3580,103.154011,94.333,2144
howe4,115,8,8524,101.838573,90.232,9068
howe4,115,8,2650,106.73909,90.163,8446
howe4,115,8,2811,106.012635,91.353,10145
howe4,115,8,9963,101.733787,92.541,5879
howe4,115,8,7537,102.268004,91.702,13402
howe4,115,8,3472,101.556059,92.324,12401
howe4,115,8,3714,105.733787,90.642,13095
howe4,115,8,8158,106.838573,91.191,5328
howe4,115,8,7284,106.86229,91.024,13222
howe4,115,8,6948,105.432859,91.22,4387
howe4,115,8,6119,106.135835,91.541,5516
howe4,115,8,5253,105.706404,90.122,10670
howe4,115,8,5134,103.871259,90.67,720
howe4,115,8,7350,106.72458,91.057,7260
howe4,115,8,2652,106.546852,92.601,1819
howe4,115,8,9968,104.400173,92.248,6448
howe4,115,8,3914,104.994459,92.148,11270
howe4,115,8,6899,106.574235,92.125,10616
howe4,115,8,4715,107.451035,91.147,14857
howe5,141,2,8115,407.654033,133.688,5492
howe5,141,2,3520,405.269557,134.294,1744
howe5,141,2,8647,405.830919,133.175,5073
howe5,141,2,9420,403.909402,132.896,1408
howe5,141,2,3116,409.146357,131.695,6631
howe5,141,2,6377,398.64873,129.501,430
howe5,141,2,6207,407.17374,133.157,1638
howe5,141,2,4187,408.169836,131.683,9164
howe5,141,2,3641,409.621347,131.752,8880
howe5,141,2,8591,404.593964,132.948,1608
howe5,141,2,3580,404.191916,132.43,14916
howe5,141,2,8524,406.566581,130.818,5964
howe5,141,2,2650,407.753516,132.409,12356
howe5,141,2,2811,408.744547,132.528,6267
howe5,141,2,9963,411.023157,131.423,4608
howe5,141,2,7537,406.739006,130.36,13243
howe5,141,2,3472,409.61214,132.905,7638
howe5,141,2,3714,406.593964,131.149,163
howe5,141,2,8158,402.269319,129.741,8731
howe5,141,2,7284,398.603171,131.421,1917
howe5,141,2,6948,402.287733,134.405,11677
howe5,141,2,6119,409.918371,132.273,8956
howe5,141,2,5253,404.296702,130.281,7245
howe5,141,2,5134,403.584757,132.829,1404
howe5,141,2,7350,406.812743,133.283,7108
howe5,141,2,2652,404.890988,132.726,5315
howe5,141,2,9968,402.155564,131.756,1324
howe5,141,2,3914,404.680574,133.695,2886
howe5,141,2,6899,410.918371,132.788,5632
howe5,141,2,4715,410.077923,130.655,11314
howe5,141,4,8115,221.376218,136.207,2920
howe5,141,4,3520,220.454701,136.156,10916
howe5,141,4,8647,221.280639,135.343,984
howe5,141,4,9420,220.275336,133.276,5855
howe5,141,4,3116,219.313325,131.829,3075
howe5,141,4,6377,215.827491,133.79,5281
howe5,141,4,6207,219.58687,133.592,4788
howe5,141,4,4187,221.988918,133.757,1480
howe5,141,4,3641,222.878591,133.197,6601
howe5,141,4,8591,216.851208,134.035,9631
howe5,141,4,3580,219.175615,136.02,5666
howe5,141,4,8524,221.709594,133.177,11725
howe5,141,4,2650,216.326198,133.96,14062
howe5,141,4,2811,226.878591,134.373,3101
howe5,141,4,9963,216.313325,136.92,11289
howe5,141,4,7537,221.764598,134.458,4529
howe5,141,4,3472,210.896767,133.387,1094
howe5,141,4,3714,220.55028,136.91,11990
howe5,141,4,8158,220.271432,131.679,14633
howe5,141,4,7284,221.016063,133.146,9723
howe5,141,4,6948,221.331501,134.015,12975
howe5,141,4,6119,220.256922,134.786,1834
howe5,141,4,5253,225.166646,138.547,5458
howe5,141,4,5134,221.55028,133.737,325
howe5,141,4,7350,224.449398,133.248,2490
howe5,141,4,2652,226.58687,135.525,10009
howe5,141,4,9968,218.016301,132.816,12864
howe5,141,4,3914,224.860415,134.447,4620
howe5,141,4,6899,221.526801,135.32,2491
howe5,141,4,4715,223.928611,135.346,7141
howe5,141,8,8115,128.451035,135.319,5844
howe5,141,8,3520,128.715611,134.949,11504
howe5,141,8,8647,128.258797,134.884,5313
howe5,141,8,9420,129.276973,133.79,5949
howe5,141,8,3116,127.865956,134.897,2660
howe5,141,8,6377,128.040018,135.66,13184
howe5,141,8,6207,126.546852,135.12,6320
howe5,141,8,4187,126.733787,133.294,14135
howe5,141,8,3641,129.697197,135.377,14964
howe5,141,8,8591,128.679021,135.187,13934
howe5,141,8,3580,128.998125,133.464,116
howe5,141,8,8524,129.733787,132.805,12883
howe5,141,8,2650,129.28618,134.579,4590
howe5,141,8,2811,129.172187,135.624,12493
howe5,141,8,9963,124.706404,134.613,8661
howe5,141,8,7537,127.979949,134.057,14283
howe5,141,8,3472,127.715373,136.535,11622
howe5,141,8,3714,129.007332,135.921,8346
howe5,141,8,8158,128.144804,137.614,3686
howe5,141,8,7284,124.81119,137.39,971
howe5,141,8,6948,128.030811,135.524,11079
howe5,141,8,6119,128.273307,136.261,8532
howe5,141,8,5253,126.126628,132.882,3035
howe5,141,8,5134,128.400173,132.633,12739
howe5,141,8,7350,127.432859,134.885,14764
howe5,141,8,2652,124.400173,133.838,11388
howe5,141,8,9968,126.583204,132.876,3550
howe5,141,8,3914,126.733787,133.849,3474
howe5,141,8,6899,129.418349,133.33,7293
howe5,141,8,4715,124.998125,135.664,7121
ktruss1,45,2,8115,117.916218,18.997,14245
ktruss1,45,2,3520,118.224281,19.356,12931
ktruss1,45,2,8647,118.467078,20.115,11651
ktruss1,45,2,9420,118.108454,18.925,9388
ktruss1,45,2,3116,118.171888,18.592,14868
ktruss1,45,2,6377,118.030211,19.948,13911
ktruss1,45,2,6207,117.925425,18.862,4053
ktruss1,45,2,4187,118.108454,18.86,7461
ktruss1,45,2,3641,118.108454,18.527,14000
ktruss1,45,2,8591,117.977818,18.163,10279
ktruss1,45,2,3580,118.3201,18.799,13587
ktruss1,45,2,8524,117.977818,18.248,7816
ktruss1,45,2,2650,119.144206,18.779,4422
ktruss1,45,2,2811,118.388835,18.54,5538
ktruss1,45,2,9963,117.916218,18.582,14628
ktruss1,45,2,7537,117.916218,18.62,8334
ktruss1,45,2,3472,118.092112,18.743,11273
ktruss1,45,2,3714,117.916218,18.111,11444
ktruss1,45,2,8158,118.575469,18.998,5632
ktruss1,45,2,7284,118.039418,19.066,6781
ktruss1,45,2,6948,118.943601,18.759,1715
ktruss1,45,2,6119,117.916218,18.318,10478
ktruss1,45,2,5253,118.171888,18.713,8184
ktruss1,45,2,5134,117.925425,18.573,12705
ktruss1,45,2,7350,117.916218,18.436,304
ktruss1,45,2,2652,117.916218,18.667,7821
ktruss1,45,2,9968,117.916218,18.211,3455
ktruss1,45,2,3914,118.3201,17.973,9507
ktruss1,45,2,6899,118.030211,18.783,2075
ktruss1,45,2,4715,118.171888,19.723,5334
ktruss1,45,4,8115,67.396509,18.531,2541
ktruss1,45,4,3520,63.738791,18.49,10273
ktruss1,45,4,8647,68.590278,17.988,13959
ktruss1,45,4,9420,67.396509,18.747,6818
ktruss1,45,4,3116,65.912851,17.879,13382
ktruss1,45,4,6377,63.265873,18.259,6965
ktruss1,45,4,6207,64.958109,18.17,1106
ktruss1,45,4,4187,66.503367,18.445,11179
ktruss1,45,4,3641,69.213779,18.287,6315
ktruss1,45,4,8591,62.861991,18.659,1187
ktruss1,45,4,3580,66.090278,19.182,6357
ktruss1,45,4,8524,68.537885,19.002,14355
ktruss1,45,4,2650,64.958109,19.242,13632
ktruss1,45,4,2811,66.151878,18.316,8853
ktruss1,45,4,9963,67.090278,18.346,9086
ktruss1,45,4,7537,69.169755,18.49,3872
ktruss1,45,4,3472,69.072102,18.506,5592
ktruss1,45,4,3714,66.686396,19.76,5347
ktruss1,45,4,8158,68.423591,18.769,12010
ktruss1,45,4,7284,66.800389,18.148,9131
ktruss1,45,4,6948,63.816733,18.248,11075
ktruss1,45,4,6119,67.396509,18.939,7222
ktruss1,45,4,5253,66.124497,18.312,3001
ktruss1,45,4,5134,66.49416,18.322,5437
ktruss1,45,4,7350,66.099485,18.437,12578
ktruss1,45,4,2652,68.948902,18.081,7504
ktruss1,45,4,9968,67.599485,18.331,6433
ktruss1,45,4,3914,68.907548,18.55,13567
ktruss1,45,4,6899,64.958109,18.51,4323
ktruss1,45,4,4715,64.66822,18.147,3502
ktruss1,45,8,8115,42.16822,18.525,11113
ktruss1,45,8,3520,40.807764,19.858,8309
ktruss1,45,8,8647,42.054227,18.284,8604
ktruss1,45,8,9420,41.686396,18.165,4267
ktruss1,45,8,3116,41.686396,18.278,8789
ktruss1,45,8,6377,42.115827,18.259,8899
ktruss1,45,8,6207,41.282514,18.447,6529
ktruss1,45,8,4187,40.807764,18.447,3
ktruss1,45,8,3641,41.291721,19.306,14135
ktruss1,45,8,8591,42.115827,19.025,5931
ktruss1,45,8,3580,42.132169,18.022,11358
ktruss1,45,8,8524,42.115827,18.659,6042
ktruss1,45,8,2650,40.843815,19.063,14670
ktruss1,45,8,2811,41.686396,18.569,13957
ktruss1,45,8,9963,41.403882,18.76,1959
ktruss1,45,8,7537,41.403882,18.854,9925
ktruss1,45,8,3472,41.519709,18.761,5508
ktruss1,45,8,3714,41.686396,19.484,7932
ktruss1,45,8,8158,41.519709,18.601,1902
ktruss1,45,8,7284,42.42389,18.536,14715
ktruss1,45,8,6948,42.115827,19.921,8568
ktruss1,45,8,6119,39.720914,18.512,2159
ktruss1,45,8,5253,41.403882,18.456,859
ktruss1,45,8,5134,41.01941,17.926,6658
ktruss1,45,8,7350,40.150345,18.538,998
ktruss1,45,8,2652,42.588745,18.856,962
ktruss1,45,8,9968,39.720914,19.335,3376
ktruss1,45,8,3914,42.16822,18.444,2437
ktruss1,45,8,6899,41.686396,18.508,14997
ktruss1,45,8,4715,41.403882,18.551,7493
ktruss2,79,2,8115,203.446669,46.751,4746
ktruss2,79,2,3520,203.997529,45.614,14093
ktruss2,79,2,8647,200.647874,46.137,587
ktruss2,79,2,9420,199.691298,46.052,9254
ktruss2,79,2,3116,200.209175,46.127,3487
ktruss2,79,2,6377,202.412151,45.6,7805
ktruss2,79,2,6207,200.999062,46.216,14545
ktruss2,79,2,4187,198.323467,47.231,5248
ktruss2,79,2,3641,203.049922,46.233,557
ktruss2,79,2,8591,204.636833,46.634,4491
ktruss2,79,2,3580,202.579137,46.432,14149
ktruss2,79,2,8524,203.393438,47.098,9191
ktruss2,79,2,2650,201.981486,47.756,12152
ktruss2,79,2,2811,200.578838,46.235,2524
ktruss2,79,2,9963,201.227351,47.094,14979
ktruss2,79,2,7537,199.28925,45.445,5518
ktruss2,79,2,3472,202.27791,47.686,14777
ktruss2,79,2,3714,204.341643,46.516,5576
ktruss2,79,2,8158,201.622862,46.136,8984
ktruss2,79,2,7284,201.664216,46.372,6228
ktruss2,79,2,6948,200.999363,45.464,2899
ktruss2,79,2,6119,202.015404,45.994,14032
ktruss2,79,2,5253,204.369024,47.02,7285
ktruss2,79,2,5134,199.946968,46.095,2525
ktruss2,79,2,7350,203.40171,45.67,3309
ktruss2,79,2,2652,204.453804,46.972,4500
ktruss2,79,2,9968,200.59518,46.002,5514
ktruss2,79,2,3914,203.052055,46.375,12444
ktruss2,79,2,6899,202.385067,47.051,241
ktruss2,79,2,4715,201.113356,46.147,8597
ktruss2,79,4,8115,111.233189,47.781,7195
ktruss2,79,4,3520,109.63737,47.605,85
ktruss2,79,4,8647,109.880167,47.916,4256
ktruss2,79,4,9420,114.399876,46.961,1457
ktruss2,79,4,3116,110.461476,47.724,7551
ktruss2,79,4,6377,110.776914,47.81,4600
ktruss2,79,4,6207,115.861991,49.246,9335
ktruss2,79,4,4187,111.681095,48.831,7886
ktruss2,79,4,3641,114.489158,49.051,9940
ktruss2,79,4,8591,106.153413,47.219,5172
ktruss2,79,4,3580,113.142673,47.084,7694
ktruss2,79,4,8524,113.443601,48.103,4955
ktruss2,79,4,2650,111.416218,49.952,3848
ktruss2,79,4,2811,112.249531,48.358,9324
ktruss2,79,4,9963,111.802524,47.947,1770
ktruss2,79,4,7537,112.523375,48.852,6719
ktruss2,79,4,3472,113.056061,48.851,3269
ktruss2,79,4,3714,109.69897,48.759,6941
ktruss2,79,4,8158,110.093645,48.807,4531
ktruss2,79,4,7284,111.889136,48.083,1156
ktruss2,79,4,6948,110.461476,48.353,14412
ktruss2,79,4,6119,110.863225,48.706,303
ktruss2,79,4,5253,111.681095,47.297,6660
ktruss2,79,4,5134,110.18823,49.089,6442
ktruss2,79,4,7350,107.354618,48.005,7732
ktruss2,79,4,2652,112.06443,48.908,2310
ktruss2,79,4,9968,110.24983,47.875,5818
ktruss2,79,4,3914,113.220615,48.131,10576
ktruss2,79,4,6899,110.882001,47.886,5033
ktruss2,79,4,4715,111.854917,46.991,8266
ktruss2,79,8,8115,66.099485,47.186,11751
ktruss2,79,8,3520,67.766172,46.807,5465
ktruss2,79,8,8647,67.880466,47.113,4085
ktruss2,79,8,9420,66.720615,48.16,7359
ktruss2,79,8,3116,66.836442,47.916,11967
ktruss2,79,8,6377,65.352784,47.554,9649
ktruss2,79,8,6207,66.861991,48.298,2580
ktruss2,79,8,4187,67.536051,47.772,1345
ktruss2,79,8,3641,67.115827,47.32,8866
ktruss2,79,8,8591,66.282514,48.765,14320
ktruss2,79,8,3580,65.01941,47.848,13802
ktruss2,79,8,8524,66.861991,47.715,12930
ktruss2,79,8,2650,66.686396,47.436,14995
ktruss2,79,8,2811,66.510803,47.5,6307
ktruss2,79,8,9963,66.266172,47.111,955
ktruss2,79,8,7537,66.923591,47.623,13140
ktruss2,79,8,3472,66.861991,47.084,2504
ktruss2,79,8,3714,67.448902,47.059,11731
ktruss2,79,8,8158,66.503367,46.824,12182
ktruss2,79,8,7284,66.32594,48.579,6659
ktruss2,79,8,6948,67.054227,49.249,191
ktruss2,79,8,6119,66.099485,48.285,5944
ktruss2,79,8,5253,67.660548,47.346,10969
ktruss2,79,8,5134,66.124497,49.031,8392
ktruss2,79,8,7350,66.861991,47.651,10886
ktruss2,79,8,2652,66.467316,47.856,8306
ktruss2,79,8,9968,66.072104,47.785,9647
ktruss2,79,8,3914,65.003068,47.451,7646
ktruss2,79,8,6899,65.300391,46.886,870
ktruss2,79,8,4715,66.889673,46.606,10383
ktruss3,113,2,8115,279.150342,88.047,6150
ktruss3,113,2,3520,285.055123,87.762,9611
ktruss3,113,2,8647,282.746761,86.842,13926
ktruss3,113,2,9420,280.694966,87.717,14668
ktruss3,113,2,3116,282.712843,89.937,13645
ktruss3,113,2,6377,281.94113,90.934,69
ktruss3,113,2,6207,283.30866,87.208,4726
ktruss3,113,2,4187,283.160448,87.392,12486
ktruss3,113,2,3641,280.678325,87.831,2130
ktruss3,113,2,8591,283.844711,87.18,2426
ktruss3,113,2,3580,281.879229,88.424,3050
ktruss3,113,2,8524,282.711009,87.832,11607
ktruss3,113,2,2650,280.975347,87.625,13647
ktruss3,113,2,2811,284.730718,86.981,3711
ktruss3,113,2,9963,280.447964,89.204,7279
ktruss3,113,2,7537,286.283111,90.904,7669
ktruss3,113,2,3472,278.904778,88.904,8244
ktruss3,113,2,3714,284.683626,88.589,13796
ktruss3,113,2,8158,285.406612,86.665,1429
ktruss3,113,2,7284,284.644106,86.772,5465
ktruss3,113,2,6948,283.855752,86.057,4869
ktruss3,113,2,6119,284.678325,88.269,2807
ktruss3,113,2,5253,280.2578,87.95,14111
ktruss3,113,2,5134,285.468212,87.675,11372
ktruss3,113,2,7350,282.169118,88.56,8921
ktruss3,113,2,2652,283.362887,89.447,1540
ktruss3,113,2,9968,283.439296,86.915,14305
ktruss3,113,2,3914,283.906612,86.988,11841
ktruss3,113,2,6899,282.194966,88.365,14880
ktruss3,113,2,4715,280.412212,87.616,2696
ktruss3,113,4,8115,157.075233,87.578,5470
ktruss3,113,4,3520,154.276377,89.14,12641
ktruss3,113,4,8647,154.540953,87.974,2840
ktruss3,113,4,9420,153.452271,89.371,8356
ktruss3,113,4,3116,156.901411,91.286,9147
ktruss3,113,4,6377,155.110288,88.536,5084
ktruss3,113,4,6207,154.548389,87.901,3248
ktruss3,113,4,4187,151.865659,89.978,6844
ktruss3,113,4,3641,154.481486,87.801,7969
ktruss3,113,4,8591,152.995695,88.775,12564
ktruss3,113,4,3580,153.418052,91.098,11866
ktruss3,113,4,8524,153.980886,88.078,2232
ktruss3,113,4,2650,157.506496,90.159,2878
ktruss3,113,4,2811,155.778209,90.292,4071
ktruss3,113,4,9963,155.542787,88.409,13638
ktruss3,113,4,7537,158.348717,89.239,10341
ktruss3,113,4,3472,157.392503,89.267,8190
ktruss3,113,4,3714,153.655546,88.262,2780
ktruss3,113,4,8158,155.162083,88.89,6358
ktruss3,113,4,7284,152.268941,89.021,3599
ktruss3,113,4,6948,154.63737,87.961,4994
ktruss3,113,4,6119,154.796623,87.69,11864
ktruss3,113,4,5253,152.488322,89.05,7022
ktruss3,113,4,5134,151.812965,88.162,12986
ktruss3,113,4,7350,154.814199,87.747,2466
ktruss3,113,4,2652,155.611522,87.807,3959
ktruss3,113,4,9968,153.40171,88.223,1042
ktruss3,113,4,3914,152.575471,87.756,9565
ktruss3,113,4,6899,155.191298,88.393,3099
ktruss3,113,4,4715,155.093645,87.565,10479
ktruss3,113,8,8115,89.170054,89.352,11785
ktruss3,113,8,3520,91.505201,90.102,5782
ktruss3,113,8,8647,90.057594,88.719,5570
ktruss3,113,8,9420,90.898042,90.358,9295
ktruss3,113,8,3116,90.854856,89.297,11787
ktruss3,113,8,6377,91.774842,90.429,4066
ktruss3,113,8,6207,91.301924,89.61,7323
ktruss3,113,8,4187,91.012336,89.669,6583
ktruss3,113,8,3641,91.152179,90.195,9818
ktruss3,113,8,8591,91.146577,88.921,6906
ktruss3,113,8,3580,88.537885,89.892,11609
ktruss3,113,8,8524,91.987025,88.91,9132
ktruss3,113,8,2650,91.705806,90.427,12487
ktruss3,113,8,2811,89.834909,88.881,6734
ktruss3,113,8,9963,91.747998,89.079,5668
ktruss3,113,8,7537,90.8817,90.291,1758
ktruss3,113,8,3472,91.864124,89.403,3163
ktruss3,113,8,3714,90.423292,89.677,3075
ktruss3,113,8,8158,92.891206,89.582,10253
ktruss3,113,8,7284,88.459943,90.718,11869
ktruss3,113,8,6948,91.118895,90.338,4911
ktruss3,113,8,6119,91.925425,92.191,8197
ktruss3,113,8,5253,90.58161,90.015,9684
ktruss3,113,8,5134,90.213779,89.966,13787
ktruss3,113,8,7350,90.679261,88.109,331
ktruss3,113,8,2652,90.742695,89.991,1982
ktruss3,113,8,9968,91.669755,89.693,3127
ktruss3,113,8,3914,88.345649,90.79,8786
ktruss3,113,8,6899,92.74983,88.029,6748
ktruss3,113,8,4715,91.118895,88.785,5673
ktruss4,147,2,8115,368.34808,143.952,11072
ktruss4,147,2,3520,363.08434,142.331,3685
ktruss4,147,2,8647,365.310494,141.896,3369
ktruss4,147,2,9420,363.346246,141.259,13514
ktruss4,147,2,3116,364.926622,148.25,5668
ktruss4,147,2,6377,368.530808,144.517,8900
ktruss4,147,2,6207,362.047451,144.503,13792
ktruss4,147,2,4187,362.313562,143.994,5471
ktruss4,147,2,3641,361.433458,142.703,7011
ktruss4,147,2,8591,364.775439,143.222,11717
ktruss4,147,2,3580,359.24122,142.988,11854
ktruss4,147,2,8524,365.355215,142.974,5336
ktruss4,147,2,2650,358.312328,144.322,12539
ktruss4,147,2,2811,356.620092,143.403,3004
ktruss4,147,2,9963,358.953403,142.629,10254
ktruss4,147,2,7537,359.725179,142.162,3496
ktruss4,147,2,3472,365.416815,140.666,1986
ktruss4,147,2,3714,365.444198,142.749,2895
ktruss4,147,2,8158,363.71621,142.291,4323
ktruss4,147,2,7284,362.768904,143.411,731
ktruss4,147,2,6948,358.652776,142.874,11629
ktruss4,147,2,6119,362.908446,142.855,14031
ktruss4,147,2,5253,362.995058,141.25,10804
ktruss4,147,2,5134,364.366254,144.798,3064
ktruss4,147,2,7350,366.46054,142.261,4349
ktruss4,147,2,2652,366.181692,143.238,2839
ktruss4,147,2,9968,362.304355,142.32,4232
ktruss4,147,2,3914,366.005499,142.788,11680
ktruss4,147,2,6899,365.012933,142.203,3428
ktruss4,147,2,4715,362.031109,143.811,14411
ktruss4,147,4,8115,193.663616,143.144,6741
ktruss4,147,4,3520,200.357985,144.427,14606
ktruss4,147,4,8647,195.392204,146.213,10265
ktruss4,147,4,9420,199.34011,143.849,8788
ktruss4,147,4,3116,194.559129,142.034,14538
ktruss4,147,4,6377,192.910618,142.963,5189
ktruss4,147,4,6207,197.680558,146.457,7344
ktruss4,147,4,4187,194.480888,145.394,5526
ktruss4,147,4,3641,196.085973,141.985,6991
ktruss4,147,4,8591,192.867491,143.363,13793
ktruss4,147,4,3580,198.051156,146.348,178
ktruss4,147,4,8524,194.499062,143.282,11156
ktruss4,147,4,2650,195.481486,145.321,1118
ktruss4,147,4,2811,196.033281,144.243,10390
ktruss4,147,4,9963,196.147575,142.416,13353
ktruss4,147,4,7537,196.999062,142.19,490
ktruss4,147,4,3472,198.858823,144.004,10027
ktruss4,147,4,3714,194.209474,144.962,5906
ktruss4,147,4,8158,196.638366,144.3,4351
ktruss4,147,4,7284,195.515705,144.02,6546
ktruss4,147,4,6948,191.453804,145.897,7508
ktruss4,147,4,6119,191.052055,147.353,7372
ktruss4,147,4,5253,197.499361,147.326,1853
ktruss4,147,4,5134,197.736556,145.547,2034
ktruss4,147,4,7350,199.360057,145.456,7206
ktruss4,147,4,2652,196.999062,146.946,11037
ktruss4,147,4,9968,200.532047,144.53,3383
ktruss4,147,4,3914,196.348717,146.457,2050
ktruss4,147,4,6899,192.077305,148.522,3864
ktruss4,147,4,4715,196.428792,142.432,10423
ktruss4,147,8,8115,111.774842,145.208,7663
ktruss4,147,8,3520,114.24983,144.28,7713
ktruss4,147,8,8647,115.678962,144.557,3351
ktruss4,147,8,9420,112.83084,145.555,1181
ktruss4,147,8,3116,112.073637,145.635,12565
ktruss4,147,8,6377,114.865358,143.061,6320
ktruss4,147,8,6207,113.811131,145.166,840
ktruss4,147,8,4187,112.733488,143.171,11127
ktruss4,147,8,3641,116.432261,144.321,7896
ktruss4,147,8,8591,114.943601,143.554,1437
ktruss4,147,8,3580,115.057594,146.687,8111
ktruss4,147,8,8524,115.135837,145.18,240
ktruss4,147,8,2650,112.505201,144.401,12238
ktruss4,147,8,2811,112.740924,144.951,6258
ktruss4,147,8,9963,113.039418,145.634,14616
ktruss4,147,8,7537,115.637071,147.455,12514
ktruss4,147,8,3472,113.365358,145.294,2649
ktruss4,147,8,3714,112.802225,148.203,12603
ktruss4,147,8,8158,113.785582,144.26,7206
ktruss4,147,8,7284,114.197437,145.964,11788
ktruss4,147,8,6948,116.046555,147.082,12544
ktruss4,147,8,6119,114.445134,146.7,12470
ktruss4,147,8,5253,109.588446,146.459,12111
ktruss4,147,8,5134,116.073637,146.584,5638
ktruss4,147,8,7350,111.541252,146.332,4030
ktruss4,147,8,2652,112.635837,143.421,1669
ktruss4,147,8,9968,113.687931,144.296,14037
ktruss4,147,8,3914,113.801924,146.468,6263
ktruss4,147,8,6899,115.311131,146.01,2610
ktruss4,147,8,4715,113.477519,146.162,14804
ktruss5,181,2,8115,436.42969,218.403,4502
ktruss5,181,2,3520,440.141037,216.311,14022
ktruss5,181,2,8647,446.226712,214.556,4709
ktruss5,181,2,9420,444.307724,213.304,9242
ktruss5,181,2,3116,444.56156,214.167,14773
ktruss5,181,2,6377,442.817529,216.853,7344
ktruss5,181,2,6207,445.955936,214.066,9689
ktruss5,181,2,4187,448.108951,216.221,8064
ktruss5,181,2,3641,444.17402,212.367,4968
ktruss5,181,2,8591,441.965741,210.24,11292
ktruss5,181,2,3580,437.657678,220.974,7179
ktruss5,181,2,8524,446.37883,229.714,4417
ktruss5,181,2,2650,444.612121,239.815,10605
ktruss5,181,2,2811,443.157678,233.123,1065
ktruss5,181,2,9963,443.052054,237.763,3001
ktruss5,181,2,7537,447.641635,241.702,14123
ktruss5,181,2,3472,446.62316,230.624,7168
ktruss5,181,2,3714,444.788312,233.509,1895
ktruss5,181,2,8158,445.203235,237.366,11748
ktruss5,181,2,7284,447.105285,238.243,12372
ktruss5,181,2,6948,444.532644,242.159,12253
ktruss5,181,2,6119,435.754097,245.897,7674
ktruss5,181,2,5253,442.113654,243.838,13575
ktruss5,181,2,5134,448.309556,239.803,8309
ktruss5,181,2,7350,437.91895,237.725,9143
ktruss5,181,2,2652,447.869623,237.049,4463
ktruss5,181,2,9968,444.796683,238.849,14161
ktruss5,181,2,3914,444.140102,236.218,2673
ktruss5,181,2,6899,439.971044,232.107,7168
ktruss5,181,2,4715,440.920184,223.942,7486
ktruss5,181,4,8115,238.300291,225.328,14318
ktruss5,181,4,3520,240.631532,226.358,3001
ktruss5,181,4,8647,234.427956,223.29,14821
ktruss5,181,4,9420,236.98272,227.001,8724
ktruss5,181,4,3116,236.097014,241.119,5891
ktruss5,181,4,6377,238.834508,239.667,7976
ktruss5,181,4,6207,241.790484,244.353,14440
ktruss5,181,4,4187,232.98272,238.171,4453
ktruss5,181,4,3641,238.825303,237.808,6069
ktruss5,181,4,8591,242.379528,234.259,2723
ktruss5,181,4,3580,239.825002,228.88,10285
ktruss5,181,4,8524,241.579139,227.487,1945
ktruss5,181,4,2650,240.580373,227.381,2813
ktruss5,181,4,2811,238.185997,230.436,10193
ktruss5,181,4,9963,236.499062,230.847,1470
ktruss5,181,4,7537,236.579139,224.195,6538
ktruss5,181,4,3472,234.185997,220.594,14425
ktruss5,181,4,3714,244.133065,222.108,6682
ktruss5,181,4,8158,237.740224,220.042,11790
ktruss5,181,4,7284,242.92112,219.636,7914
ktruss5,181,4,6948,238.079139,218.06,5506
ktruss5,181,4,6119,239.292617,237.637,9811
ktruss5,181,4,5253,235.351785,249.929,14379
ktruss5,181,4,5134,236.816033,239.295,10494
ktruss5,181,4,7350,231.950335,239.927,7888
ktruss5,181,4,2652,237.808959,239.661,5099
ktruss5,181,4,9968,229.325303,238.808,11846
ktruss5,181,4,3914,239.507732,243.542,9351
ktruss5,181,4,6899,240.011636,241.623,6148
ktruss5,181,4,4715,233.975884,240.652,5291
ktruss5,181,8,8115,137.70764,239.15,4060
ktruss5,181,8,3520,133.78375,237.469,1208
ktruss5,181,8,8647,137.021244,242.966,7265
ktruss5,181,8,9420,138.506734,237.167,13598
ktruss5,181,8,3116,137.126331,236.714,10044
ktruss5,181,8,6377,140.706107,231.541,14050
ktruss5,181,8,6207,135.655546,233.657,6015
ktruss5,181,8,4187,139.698671,230.19,8945
ktruss5,181,8,3641,141.15678,230.033,13483
ktruss5,181,8,8591,137.629698,229.719,7697
ktruss5,181,8,3580,136.671888,233.379,8876
ktruss5,181,8,8524,139.285883,233.981,7093
ktruss5,181,8,2650,139.057895,237.503,2644
ktruss5,181,8,2811,133.383235,237.727,12073
ktruss5,181,8,9963,135.618596,230.485,12643
ktruss5,181,8,7537,137.778447,231.836,4503
ktruss5,181,8,3472,138.303758,234.314,10942
ktruss5,181,8,3714,138.09028,231.733,11694
ktruss5,181,8,8158,133.541252,232.089,8660
ktruss5,181,8,7284,138.057594,225.72,2904
ktruss5,181,8,6948,137.621028,229.257,11732
ktruss5,181,8,6119,138.222449,237.19,14373
ktruss5,181,8,5253,134.57577,226.34,7400
ktruss5,181,8,5134,139.35669,230.984,9389
ktruss5,181,8,7350,137.602852,223.113,10922
ktruss5,181,8,2652,131.591813,224.951,6327
ktruss5,181,8,9968,138.470683,223.678,10126
ktruss5,181,8,3914,133.557295,227.02,3483
ktruss5,181,8,6899,138.173122,238.21,5897
ktruss5,181,8,4715,139.233189,238.082,7495
pratt1,37,2,8115,115.423652,12.08,5183
pratt1,37,2,3520,114.126628,12.956,11242
pratt1,37,2,8647,116.460242,12.609,1239
pratt1,37,2,9420,116.565028,12.019,8449
pratt1,37,2,3116,112.688228,12.19,1037
pratt1,37,2,6377,116.441828,13.216,12098
pratt1,37,2,6207,115.154011,13.094,12882
pratt1,37,2,4187,116.258797,12.912,826
pratt1,37,2,3641,116.565028,14.05,1648
pratt1,37,2,8591,113.706404,13.109,4821
pratt1,37,2,3580,115.423652,12.938,1010
pratt1,37,2,8524,114.84778,12.977,1512
pratt1,37,2,2650,116.154011,12.443,7864
pratt1,37,2,2811,115.144804,12.774,9092
pratt1,37,2,9963,114.84778,12.153,10516
pratt1,37,2,7537,113.592411,12.003,7479
pratt1,37,2,3472,115.258797,13.439,685
pratt1,37,2,3714,116.565028,13.116,5538
pratt1,37,2,8158,112.985252,12.787,6762
pratt1,37,2,7284,116.144804,13.16,14069
pratt1,37,2,6948,115.318866,13.294,12606
pratt1,37,2,6119,115.432859,13.33,11835
pratt1,37,2,5253,112.679021,13.293,9450
pratt1,37,2,5134,116.555821,13.003,6548
pratt1,37,2,7350,116.565028,13.494,2157
pratt1,37,2,2652,115.853083,13.247,12380
pratt1,37,2,9968,114.838573,12.697,13419
pratt1,37,2,3914,116.135597,12.767,12721
pratt1,37,2,6899,114.72458,13.757,5129
pratt1,37,2,4715,115.853083,14.181,6718
pratt1,37,4,8115,65.853083,13.75,11438
pratt1,37,4,3520,64.556059,13.146,13126
pratt1,37,4,8647,64.556059,14.778,1313
pratt1,37,4,9420,64.291483,14.206,9386
pratt1,37,4,3116,63.414683,13.9,13777
pratt1,37,4,6377,62.688228,13.249,8008
pratt1,37,4,6207,63.414683,13.374,1813
pratt1,37,4,4187,65.396507,13.21,2652
pratt1,37,4,3641,65.141138,13.791,10657
pratt1,37,4,8591,65.853083,13.312,13884
pratt1,37,4,3580,64.405476,13.188,13331
pratt1,37,4,8524,63.42389,13.909,13664
pratt1,37,4,2650,65.432859,13.232,14712
pratt1,37,4,2811,65.159552,13.45,3139
pratt1,37,4,9963,64.405476,13.601,7335
pratt1,37,4,7537,65.442066,13.33,10957
pratt1,37,4,3472,65.853083,13.799,4689
pratt1,37,4,3714,64.30069,12.926,7577
pratt1,37,4,8158,65.86229,13.423,10539
pratt1,37,4,7284,64.018176,13.251,2673
pratt1,37,4,6948,63.414683,13.614,1572
pratt1,37,4,6119,65.546852,13.403,3226
pratt1,37,4,5253,64.291483,13.214,6303
pratt1,37,4,5134,63.588745,13.389,14291
pratt1,37,4,7350,63.414683,13.352,9009
pratt1,37,4,2652,63.414683,13.159,3595
pratt1,37,4,9968,65.141138,13.499,7441
pratt1,37,4,3914,63.588745,13.032,303
pratt1,37,4,6899,62.291721,13.559,14833
pratt1,37,4,4715,64.30069,13.113,6641
pratt1,37,8,8115,39.264338,14.174,3851
pratt1,37,8,3520,37.291721,13.425,1205
pratt1,37,8,8647,38.42389,13.438,13268
pratt1,37,8,9420,39.008969,13.546,2185
pratt1,37,8,3116,38.42389,13.678,3827
pratt1,37,8,6377,39.264338,14.511,1864
pratt1,37,8,6207,37.291721,13.013,12140
pratt1,37,8,4187,39.264338,13.473,155
pratt1,37,8,3641,38.42389,12.911,3550
pratt1,37,8,8591,39.730121,12.641,1834
pratt1,37,8,3580,38.528676,12.838,12766
pratt1,37,8,8524,39.844114,12.833,13640
pratt1,37,8,2650,39.008969,12.768,1721
pratt1,37,8,2811,39.720914,13.471,10178
pratt1,37,8,9963,37.711945,12.938,7665
pratt1,37,8,7537,37.282514,13.471,7953
pratt1,37,8,3472,39.008969,13.223,13250
pratt1,37,8,3714,39.264338,13.122,3265
pratt1,37,8,8158,38.528676,13.311,3638
pratt1,37,8,7284,38.42389,12.93,9642
pratt1,37,8,6948,39.008969,12.688,10261
pratt1,37,8,6119,39.720914,12.747,14727
pratt1,37,8,5253,38.42389,12.998,7144
pratt1,37,8,5134,37.291721,13.08,13119
pratt1,37,8,7350,39.008969,13.234,2973
pratt1,37,8,2652,39.008969,12.986,5877
pratt1,37,8,9968,37.711945,13.146,9542
pratt1,37,8,3914,39.008969,13.852,11105
pratt1,37,8,6899,37.711945,12.737,6405
pratt1,37,8,4715,38.42389,12.536,9049
pratt2,63,2,8115,187.628763,30.165,6942
pratt2,63,2,3520,189.902308,30.453,13536
pratt2,63,2,8647,187.874925,30.433,12689
pratt2,63,2,9420,187.340708,30.091,11775
pratt2,63,2,3116,188.71007,30.667,5315
pratt2,63,2,6377,188.144566,30.599,14210
pratt2,63,2,6207,187.02527,30.246,12275
pratt2,63,2,4187,187.568694,30.113,14318
pratt2,63,2,3641,187.733549,30.624,3488
pratt2,63,2,8591,187.988918,30.356,10365
pratt2,63,2,3580,187.14847,31.435,12719
pratt2,63,2,8524,190.007094,30.254,6168
pratt2,63,2,2650,189.166646,29.939,7926
pratt2,63,2,2811,190.007094,30.198,12336
pratt2,63,2,9963,187.979711,30.186,12712
pratt2,63,2,7537,187.952328,30.514,11850
pratt2,63,2,3472,186.427318,30.539,5837
pratt2,63,2,3714,189.706166,30.568,7032
pratt2,63,2,8158,189.715373,31.341,5879
pratt2,63,2,7284,190.121087,29.622,11886
pratt2,63,2,6948,187.847542,30.116,13215
pratt2,63,2,6119,187.454701,30.432,6784
pratt2,63,2,5253,187.979711,30.568,2827
pratt2,63,2,5134,188.700863,29.802,649
pratt2,63,2,7350,188.409142,30.266,12736
pratt2,63,2,2652,188.988918,30.191,14131
pratt2,63,2,9968,187.838335,30.266,6308
pratt2,63,2,3914,188.385425,31.082,6524
pratt2,63,2,6899,189.016301,30.209,14546
pratt2,63,2,4715,189.833032,30.765,1848
pratt2,63,4,8115,105.414683,30.836,12328
pratt2,63,4,3520,103.574235,31.023,11428
pratt2,63,4,8647,104.706404,30.738,5545
pratt2,63,4,9420,102.003428,31.543,7219
pratt2,63,4,3116,104.451035,31.054,5941
pratt2,63,4,6377,102.003428,30.847,5067
pratt2,63,4,6207,104.715611,30.47,12244
pratt2,63,4,4187,102.853083,31.108,7692
pratt2,63,4,3641,103.555821,30.584,4241
pratt2,63,4,8591,103.574235,30.551,13698
pratt2,63,4,3580,102.036352,30.585,13048
pratt2,63,4,8524,104.985252,31.994,12861
pratt2,63,4,2650,106.423652,30.743,6443
pratt2,63,4,2811,100.144804,32.132,3787
pratt2,63,4,9963,103.574235,30.885,4486
pratt2,63,4,7537,104.273307,30.482,13802
pratt2,63,4,3472,104.601618,31.286,6036
pratt2,63,4,3714,102.126628,30.239,12329
pratt2,63,4,8158,103.679021,30.703,244
pratt2,63,4,7284,103.565028,30.92,1211
pratt2,63,4,6948,106.012635,30.913,5934
pratt2,63,4,6119,102.688228,30.876,10487
pratt2,63,4,5253,104.414683,31.63,11411
pratt2,63,4,5134,100.820397,31.335,6622
pratt2,63,4,7350,102.126628,30.529,9775
pratt2,63,4,2652,105.126628,31.386,1486
pratt2,63,4,9968,104.565028,31.433,2637
pratt2,63,4,3914,102.012635,31.838,13718
pratt2,63,4,6899,106.432859,31.38,9089
pratt2,63,4,4715,102.442066,31.696,13653
pratt2,63,8,8115,62.282514,30.792,12442
pratt2,63,8,3520,63.844114,32.456,14304
pratt2,63,8,8647,63.309897,32.367,11104
pratt2,63,8,9420,60.871497,31.403,9000
pratt2,63,8,3116,63.108452,31.105,7963
pratt2,63,8,6377,63.730121,32.894,2515
pratt2,63,8,6207,63.132169,32.104,880
pratt2,63,8,4187,62.880466,30.992,7670
pratt2,63,8,3641,63.003666,32.645,4173
pratt2,63,8,8591,62.396507,31.123,5139
pratt2,63,8,3580,62.282514,30.965,9617
pratt2,63,8,8524,61.688228,31.782,5924
pratt2,63,8,2650,63.159314,32.076,12315
pratt2,63,8,2811,62.42389,32.262,290
pratt2,63,8,9963,63.159314,31.632,5073
pratt2,63,8,7537,62.282514,30.944,3495
pratt2,63,8,3472,62.994459,31.302,6713
pratt2,63,8,3714,63.309897,30.766,2491
pratt2,63,8,8158,63.42389,31.262,11640
pratt2,63,8,7284,63.132169,31.241,7345
pratt2,63,8,6948,63.003666,30.94,7877
pratt2,63,8,6119,60.844114,30.985,5065
pratt2,63,8,5253,63.414683,31.4,8569
pratt2,63,8,5134,63.132169,30.778,1733
pratt2,63,8,7350,63.008969,30.715,8105
pratt2,63,8,2652,62.168521,31.619,8003
pratt2,63,8,9968,62.273307,31.027,5341
pratt2,63,8,3914,60.976283,31.685,12121
pratt2,63,8,6899,63.597952,31.977,1579
pratt2,63,8,4715,63.132169,31.653,7137
pratt3,89,2,8115,261.709594,56.448,11842
pratt3,89,2,3520,260.860177,57.537,14766
pratt3,89,2,8647,261.175615,57.06,11382
pratt3,89,2,9420,262.307784,56.831,2623
pratt3,89,2,3116,260.869384,57.641,7751
pratt3,89,2,6377,263.271432,57.177,4141
pratt3,89,2,6207,263.809315,57.648,10042
pratt3,89,2,4187,264.704529,56.608,4611
pratt3,89,2,3641,262.001553,57.093,14117
pratt3,89,2,8591,262.57236,56.671,1553
pratt3,89,2,3580,265.842001,57.09,10714
pratt3,89,2,8524,265.394394,57.273,12110
pratt3,89,2,2650,265.403601,56.671,4697
pratt3,89,2,2811,265.115546,56.522,8686
pratt3,89,2,9963,265.298815,58.107,2633
pratt3,89,2,7537,265.124753,57.517,8277
pratt3,89,2,3472,263.983377,56.901,12916
pratt3,89,2,3714,261.316991,56.518,5730
pratt3,89,2,8158,265.586632,57.027,10004
pratt3,89,2,7284,265.88756,56.594,2321
pratt3,89,2,6948,262.052653,56.913,10740
pratt3,89,2,6119,262.842001,57.071,4974
pratt3,89,2,5253,263.623222,58.325,5151
pratt3,89,2,5134,264.439953,57.363,3257
pratt3,89,2,7350,261.175615,56.986,4720
pratt3,89,2,2652,266.421777,58.332,4263
pratt3,89,2,9968,263.553946,59.3,5956
pratt3,89,2,3914,265.53577,57.18,5381
pratt3,89,2,6899,264.157439,57.896,5076
pratt3,89,2,4715,265.061622,58.419,12258
pratt3,89,4,8115,144.258797,57.756,14309
pratt3,89,4,3520,144.565028,60.256,7005
pratt3,89,4,8647,143.012635,57.603,14657
pratt3,89,4,9420,144.24959,58.427,9400
pratt3,89,4,3116,143.181156,58.712,14424
pratt3,89,4,6377,140.565028,58.472,10600
pratt3,89,4,6207,141.619556,57.351,841
pratt3,89,4,4187,144.436525,56.329,9166
pratt3,89,4,3641,144.154011,57.808,12166
pratt3,89,4,8591,144.135597,57.835,11486
pratt3,89,4,3580,143.399935,57.614,10514
pratt3,89,4,8524,143.409142,57.429,12148
pratt3,89,4,2650,141.381759,57.737,14399
pratt3,89,4,2811,143.733787,59.721,9212
pratt3,89,4,9963,143.304356,57.727,2437
pratt3,89,4,7537,139.573997,57.278,3558
pratt3,89,4,3472,141.172187,58.651,2239
pratt3,89,4,3714,141.847542,61.41,7646
pratt3,89,4,8158,143.838573,58.438,9367
pratt3,89,4,7284,144.943359,60.687,13417
pratt3,89,4,6948,143.838573,56.55,36
pratt3,89,4,6119,140.856749,58.106,7077
pratt3,89,4,5253,143.130294,57.589,2195
pratt3,89,4,5134,145.052891,56.632,11289
pratt3,89,4,7350,143.72458,57.704,1339
pratt3,89,4,2652,142.153773,57.335,6836
pratt3,89,4,9968,140.144804,57.716,4797
pratt3,89,4,3914,142.998125,58.206,11164
pratt3,89,4,6899,142.697197,57.389,7041
pratt3,89,4,4715,142.454701,57.336,8356
pratt3,89,8,8115,85.442066,58.206,7447
pratt3,89,8,3520,84.976283,57.533,13537
pratt3,89,8,8647,83.003666,57.486,14335
pratt3,89,8,9420,84.021842,57.958,11479
pratt3,89,8,3116,84.003666,57.916,1977
pratt3,89,8,6377,80.739328,58.033,7732
pratt3,89,8,6207,85.432859,58.03,2731
pratt3,89,8,4187,83.994459,57.838,7704
pratt3,89,8,3641,83.73909,58.116,9760
pratt3,89,8,8591,85.660845,59.093,9100
pratt3,89,8,3580,85.546852,58.513,369
pratt3,89,8,8524,82.679021,58.458,7609
pratt3,89,8,2650,85.733787,58.461,12272
pratt3,89,8,2811,83.985252,58.044,6350
pratt3,89,8,9963,85.546852,58.019,10021
pratt3,89,8,7537,83.871259,57.959,13842
pratt3,89,8,3472,84.994459,57.99,12198
pratt3,89,8,3714,85.405476,56.947,1759
pratt3,89,8,8158,86.688228,57.325,6033
pratt3,89,8,7284,86.012635,57.882,5136
pratt3,89,8,6948,85.012635,58.652,13640
pratt3,89,8,6119,84.706404,58.472,14146
pratt3,89,8,5253,82.574235,59.472,879
pratt3,89,8,5134,81.733787,59.886,11873
pratt3,89,8,7350,86.126628,60.175,4220
pratt3,89,8,2652,86.396507,59.623,12465
pratt3,89,8,9968,85.556059,57.428,5666
pratt3,89,8,3914,87.451035,58.035,11650
pratt3,89,8,6899,85.30069,58.404,7797
pratt3,89,8,4715,83.994459,58.006,10919
pratt4,115,2,8115,337.170074,90.713,11111
pratt4,115,2,3520,339.689781,94.491,7902
pratt4,115,2,8647,336.713498,92.928,10833
pratt4,115,2,9420,339.599505,91.659,3747
pratt4,115,2,3116,338.854636,93.4,6638
pratt4,115,2,6377,340.293274,91.91,7810
pratt4,115,2,6207,340.27486,92.077,11784
pratt4,115,2,4187,335.151898,92.464,2198
pratt4,115,2,3641,337.425443,91.603,14802
pratt4,115,2,8591,341.110005,92.439,8032
pratt4,115,2,3580,335.265891,91.567,9922
pratt4,115,2,8524,339.160867,92.102,8578
pratt4,115,2,2650,335.269557,91.653,1138
pratt4,115,2,2811,341.731674,92.435,13443
pratt4,115,2,9963,338.544739,91.293,8582
pratt4,115,2,7537,339.891226,90.298,14748
pratt4,115,2,3472,340.713498,91.506,14410
pratt4,115,2,3714,338.443619,93.203,11251
pratt4,115,2,8158,337.905736,91.853,13178
pratt4,115,2,7284,339.740643,91.034,2086
pratt4,115,2,6948,340.88756,92.876,8057
pratt4,115,2,6119,340.27486,92.419,12366
pratt4,115,2,5253,339.142691,92.45,13388
pratt4,115,2,5134,340.854874,92.074,6620
pratt4,115,2,7350,334.676908,94.727,8551
pratt4,115,2,2652,337.704291,90.3,4619
pratt4,115,2,9968,342.667701,94.783,9647
pratt4,115,2,3914,340.539436,91.051,5429
pratt4,115,2,6899,340.298577,91.53,4393
pratt4,115,2,4715,340.728008,93.061,13107
pratt4,115,4,8115,181.418349,92.561,1030
pratt4,115,4,3520,180.60138,92.156,4822
pratt4,115,4,8647,182.847542,92.162,11531
pratt4,115,4,9420,180.460004,92.151,10686
pratt4,115,4,3116,180.112118,92.6,4917
pratt4,115,4,6377,185.865718,92.881,7966
pratt4,115,4,6207,184.58687,93.471,278
pratt4,115,4,4187,183.253256,93.874,11584
pratt4,115,4,3641,182.016301,92.494,14044
pratt4,115,4,8591,180.706166,93.98,13323
pratt4,115,4,3580,183.454701,92.619,4525
pratt4,115,4,8524,185.997887,93.924,2436
pratt4,115,4,2650,180.805649,92.159,3820
pratt4,115,4,2811,183.979711,93.518,4400
pratt4,115,4,9963,182.313325,91.875,5484
pratt4,115,4,7537,179.884132,94.295,11581
pratt4,115,4,3472,179.454701,92.978,11126
pratt4,115,4,3714,181.997887,91.955,4219
pratt4,115,4,8158,184.117421,93.236,13188
pratt4,115,4,7284,178.28618,93.783,9258
pratt4,115,4,6948,181.742756,92.448,9772
pratt4,115,4,6119,182.075528,93.453,14714
pratt4,115,4,5253,181.719039,93.245,4453
pratt4,115,4,5134,180.902308,94.746,7852
pratt4,115,4,7350,181.536008,93.701,3003
pratt4,115,4,2652,179.445494,92.781,4566
pratt4,115,4,9968,184.175853,92.952,13893
pratt4,115,4,3914,178.998125,94.49,10666
pratt4,115,4,6899,185.052653,94.338,6111
pratt4,115,4,4715,182.14847,93.718,5622
pratt4,115,8,8115,107.396507,93.623,9406
pratt4,115,8,3520,104.871259,97.938,3931
pratt4,115,8,8647,105.546852,94.567,9513
pratt4,115,8,9420,106.574235,93.773,2519
pratt4,115,8,3116,106.405476,94.366,8727
pratt4,115,8,6377,108.742756,96.665,6012
pratt4,115,8,6207,108.565028,96.569,12782
pratt4,115,8,4187,107.168521,94.689,5960
pratt4,115,8,3641,106.258797,95.471,13292
pratt4,115,8,8591,106.634304,96.721,8744
pratt4,115,8,3580,107.994459,94.282,608
pratt4,115,8,8524,108.28618,93.943,5175
pratt4,115,8,2650,108.414683,95.091,9396
pratt4,115,8,2811,103.300452,95.077,13507
pratt4,115,8,9963,106.559725,96.805,13854
pratt4,115,8,7537,105.42389,96.225,3960
pratt4,115,8,3472,102.688228,95.059,3562
pratt4,115,8,3714,102.258797,92.656,11178
pratt4,115,8,8158,107.994459,94.564,13520
pratt4,115,8,7284,105.126628,93.923,14192
pratt4,115,8,6948,107.012635,94.687,9620
pratt4,115,8,6119,106.117421,96.113,10479
pratt4,115,8,5253,108.565028,96.161,551
pratt4,115,8,5134,106.697197,95.338,14670
pratt4,115,8,7350,108.309897,94.369,12709
pratt4,115,8,2652,105.045321,94.519,1381
pratt4,115,8,9968,107.970742,94.933,14814
pratt4,115,8,3914,105.135835,94.501,2335
pratt4,115,8,6899,103.144804,94.343,12989
pratt4,115,8,4715,107.994459,95.385,10805
pratt5,141,2,8115,416.507354,132.247,1350
pratt5,141,2,3520,414.566581,135.265,14943
pratt5,141,2,8647,414.602933,131.095,7553
pratt5,141,2,9420,415.127943,130.459,9161
pratt5,141,2,3116,415.155326,133.797,3267
pratt5,141,2,6377,411.474668,131.657,12256
pratt5,141,2,6207,412.867271,136.505,13023
pratt5,141,2,4187,411.630316,134.748,9586
pratt5,141,2,3641,412.296702,133.024,13557
pratt5,141,2,8591,410.032364,130.91,11304
pratt5,141,2,3580,412.05054,130.891,6073
pratt5,141,2,8524,415.032364,133.345,5581
pratt5,141,2,2650,414.726133,133.114,2728
pratt5,141,2,2811,415.032364,132.132,10341
pratt5,141,2,9963,413.128181,132.855,11214
pratt5,141,2,7537,418.996012,133.177,7991
pratt5,141,2,3472,412.383312,132.151,13628
pratt5,141,2,3714,416.296702,132.879,10551
pratt5,141,2,8158,414.753516,130.079,12685
pratt5,141,2,7284,416.059747,130.588,11179
pratt5,141,2,6948,415.416236,129.296,10927
pratt5,141,2,6119,412.410695,130.572,9586
pratt5,141,2,5253,415.885685,132.944,4064
pratt5,141,2,5134,414.533657,136.164,13712
pratt5,141,2,7350,411.986805,132.299,4461
pratt5,141,2,2652,411.032364,132.743,6161
pratt5,141,2,9968,412.913068,131.422,11013
pratt5,141,2,3914,412.812743,131.831,11954
pratt5,141,2,6899,415.533895,130.265,13806
pratt5,141,2,4715,414.278526,131.535,3578
pratt5,141,4,8115,224.737215,131.745,12402
pratt5,141,4,3520,220.737215,130.956,4855
pratt5,141,4,8647,218.682449,132.788,8790
pratt5,141,4,9420,221.280639,130.153,1453
pratt5,141,4,3116,220.851208,130.674,11912
pratt5,141,4,6377,223.860415,131.47,3414
pratt5,141,4,6207,218.905974,133.609,6848
pratt5,141,4,4187,221.929453,133.523,7472
pratt5,141,4,3641,224.139263,134.855,9359
pratt5,141,4,8591,219.403601,134.061,12369
pratt5,141,4,3580,224.595839,134.322,13113
pratt5,141,4,8524,222.522897,132.527,3476
pratt5,141,4,2650,221.983377,132.783,10851
pratt5,141,4,2811,220.02527,133.503,2464
pratt5,141,4,9963,226.526801,133.666,12057
pratt5,141,4,7537,225.166646,130.361,12783
pratt5,141,4,3472,219.883894,132.891,13864
pratt5,141,4,3714,221.499418,134.991,3856
pratt5,141,4,8158,225.016063,131.505,14593
pratt5,141,4,7284,218.216666,132.207,3763
pratt5,141,4,6948,220.139263,131.478,14825
pratt5,141,4,6119,221.181156,133.125,9589
pratt5,141,4,5253,221.937818,131.554,11886
pratt5,141,4,5134,224.728008,132.265,3809
pratt5,141,4,7350,221.130056,130.486,778
pratt5,141,4,2652,221.878591,131.271,7735
pratt5,141,4,9968,221.53577,131.124,13317
pratt5,141,4,3914,223.121087,131.061,7031
pratt5,141,4,6899,222.878591,131.871,10230
pratt5,141,4,4715,222.298815,133.157,4588
pratt5,141,8,8115,129.824063,133.288,11794
pratt5,141,8,3520,126.186697,133.413,14009
pratt5,141,8,8647,129.893339,132.863,3218
pratt5,141,8,9420,130.418349,132.24,2487
pratt5,141,8,3116,127.679021,134.804,8608
pratt5,141,8,6377,129.16298,131.986,10586
pratt5,141,8,6207,128.875163,132.335,429
pratt5,141,8,4187,125.021604,135.293,2838
pratt5,141,8,3641,129.030811,132.735,3146
pratt5,141,8,8591,128.346249,134.545,2916
pratt5,141,8,3580,130.829366,132.278,14332
pratt5,141,8,8524,124.715611,132.954,14803
pratt5,141,8,2650,126.86229,134.214,10592
pratt5,141,8,2811,130.135835,134.809,11753
pratt5,141,8,9963,130.012635,135.144,13454
pratt5,141,8,7537,125.427556,134.967,4087
pratt5,141,8,3472,132.040018,134.371,8135
pratt5,141,8,3714,130.126628,132.257,5792
pratt5,141,8,8158,125.856749,131.911,3389
pratt5,141,8,7284,125.418349,132.089,7415
pratt5,141,8,6948,129.112118,134.884,10806
pratt5,141,8,6119,127.003428,133.645,14814
pratt5,141,8,5253,129.418349,133.525,13188
pratt5,141,8,5134,129.28618,133.402,550
pratt5,141,8,7350,123.328073,134.365,8155
pratt5,141,8,2652,129.16298,133.572,2849
pratt5,141,8,9968,130.72458,129.459,7137
pratt5,141,8,3914,126.555821,131.666,4508
pratt5,141,8,6899,129.276973,133.159,8944
pratt5,141,8,4715,126.126628,137.47,7379
warren1,59,2,8115,164.080054,28.45,1676
warren1,59,2,3520,164.080054,28.513,12247
warren1,59,2,8647,164.080054,30.373,7648
warren1,59,2,9420,164.761336,29.66,9022
warren1,59,2,3116,164.036666,30.646,277
warren1,59,2,6377,164.341112,29.29,2766
warren1,59,2,6207,164.080054,28.76,1472
warren1,59,2,4187,164.036666,28.624,12125
warren1,59,2,3641,164.080054,28.94,7557
warren1,59,2,8591,164.040184,28.57,3868
warren1,59,2,3580,164.080054,28.271,5632
warren1,59,2,8524,164.341112,29.354,9240
warren1,59,2,2650,164.34463,28.364,5421
warren1,59,2,2811,164.341112,29.084,289
warren1,59,2,9963,164.080054,29.114,748
warren1,59,2,7537,164.080054,28.297,6032
warren1,59,2,3472,163.65983,28.442,11172
warren1,59,2,3714,164.080054,28.143,676
warren1,59,2,8158,164.080054,29.211,14127
warren1,59,2,7284,164.080054,29.606,5460
warren1,59,2,6948,164.043702,29.679,3033
warren1,59,2,6119,164.341112,27.517,8708
warren1,59,2,5253,164.080054,27.297,2199
warren1,59,2,5134,164.34463,28.268,3829
warren1,59,2,7350,164.080054,27.994,5200
warren1,59,2,2652,164.080054,28.437,13849
warren1,59,2,9968,164.080054,27.178,2876
warren1,59,2,3914,164.080054,27.365,2827
warren1,59,2,6899,164.801206,27.512,6435
warren1,59,2,4715,164.080054,28.26,3756
warren1,59,4,8115,85.522044,27.818,5352
warren1,59,4,3520,85.10182,28.155,7741
warren1,59,4,8647,85.97862,27.982,6291
warren1,59,4,9420,85.522044,27.502,267
warren1,59,4,3116,85.561914,29.114,1565
warren1,59,4,6377,84.840762,27.872,14889
warren1,59,4,6207,86.402362,28.004,7685
warren1,59,4,4187,85.257468,27.884,1240
warren1,59,4,3641,84.116092,28.798,14614
warren1,59,4,8591,85.561914,27.588,11605
warren1,59,4,3580,85.68121,28.848,8680
warren1,59,4,8524,85.260986,27.384,6714
warren1,59,4,2650,85.260986,28.837,2402
warren1,59,4,2811,85.982138,27.926,11620
warren1,59,4,9963,84.837244,27.596,11058
warren1,59,4,7537,85.93875,27.775,3271
warren1,59,4,3472,85.260986,27.883,513
warren1,59,4,3714,85.561914,27.702,7293
warren1,59,4,8158,87.54022,27.565,11878
warren1,59,4,7284,84.840762,28.321,12354
warren1,59,4,6948,84.840762,28.213,5954
warren1,59,4,6119,85.982138,27.401,4859
warren1,59,4,5253,86.398844,27.276,2318
warren1,59,4,5134,85.257468,27.602,1243
warren1,59,4,7350,85.257468,27.532,1830
warren1,59,4,2652,85.982138,28.478,1281
warren1,59,4,9968,85.522044,28.564,9433
warren1,59,4,3914,85.257468,28.09,9854
warren1,59,4,6899,86.398844,27.812,7527
warren1,59,4,4715,84.116092,28.645,3580
warren1,59,8,8115,50.058046,28.523,6143
warren1,59,8,3520,50.47827,28.715,13793
warren1,59,8,8647,50.782716,28.363,14209
warren1,59,8,9420,48.07974,29.043,589
warren1,59,8,3116,48.340798,29.463,1181
warren1,59,8,6377,49.221116,28.405,14584
warren1,59,8,6207,49.221116,28.338,13665
warren1,59,8,4187,50.058046,27.892,389
warren1,59,8,3641,50.782716,28.27,9050
warren1,59,8,8591,48.496446,27.694,8538
warren1,59,8,3580,49.637822,29.91,12032
warren1,59,8,8524,50.47827,28.495,1202
warren1,59,8,2650,48.07974,28.47,8710
warren1,59,8,2811,48.07974,27.698,14657
warren1,59,8,9963,51.195904,28.535,1514
warren1,59,8,7537,50.782716,27.812,2165
warren1,59,8,3472,50.058046,27.959,8522
warren1,59,8,3714,49.221116,28.976,6452
warren1,59,8,8158,50.779198,28.75,11982
warren1,59,8,7284,49.221116,28.86,2534
warren1,59,8,6948,50.782716,28.594,3577
warren1,59,8,6119,51.199422,28.009,5661
warren1,59,8,5253,50.47827,28.321,10310
warren1,59,8,5134,49.637822,28.198,8746
warren1,59,8,7350,50.779198,28.034,8308
warren1,59,8,2652,49.221116,28.448,11196
warren1,59,8,9968,47.619646,28.752,13928
warren1,59,8,3914,51.199422,28.059,13807
warren1,59,8,6899,48.761022,27.914,1130
warren1,59,8,4715,49.637822,28.002,927
warren2,85,2,8115,233.142004,54.846,11299
warren2,85,2,3520,233.605616,54.415,3004
warren2,85,2,8647,233.181874,54.513,12349
warren2,85,2,9420,234.022322,54.908,773
warren2,85,2,3116,233.605616,54.301,4585
warren2,85,2,6377,234.485934,54.918,2758
warren2,85,2,6207,233.602098,54.688,14022
warren2,85,2,4187,234.02584,55.324,12437
warren2,85,2,3641,233.142004,54.665,6809
warren2,85,2,8591,233.562228,53.478,3263
warren2,85,2,3580,234.022322,55.526,3696
warren2,85,2,8524,232.880946,54.687,11078
warren2,85,2,2650,234.022322,55.076,13192
warren2,85,2,2811,236.004146,54.208,4071
warren2,85,2,9963,233.102134,54.988,7456
warren2,85,2,7537,234.442546,54.53,8651
warren2,85,2,3472,233.605616,54.093,3637
warren2,85,2,3714,233.142004,54.161,1417
warren2,85,2,8158,233.602098,54.568,2841
warren2,85,2,7284,234.02584,56.045,1032
warren2,85,2,6948,233.55871,54.583,958
warren2,85,2,6119,232.880946,54.586,2865
warren2,85,2,5253,234.554806,54.808,8242
warren2,85,2,5134,234.022322,53.946,11349
warren2,85,2,7350,234.442546,54.133,6613
warren2,85,2,2652,234.439028,56.184,12509
warren2,85,2,9968,233.605616,53.736,5008
warren2,85,2,3914,234.743474,53.988,12602
warren2,85,2,6899,233.565746,54.408,14304
warren2,85,2,4715,233.605616,53.102,4411
warren2,85,4,8115,123.163384,55.144,7289
warren2,85,4,3520,123.583608,56.323,11790
warren2,85,4,8647,120.460408,55.126,330
warren2,85,4,9420,121.605302,56.539,8491
warren2,85,4,3116,120.000314,55.844,14821
warren2,85,4,6377,123.319032,56.627,4216
warren2,85,4,6207,121.561914,54.574,3337
warren2,85,4,4187,122.858938,54.245,3321
warren2,85,4,3641,121.300856,54.328,3843
warren2,85,4,8591,122.022008,56.303,11597
warren2,85,4,3580,122.438714,53.944,5278
warren2,85,4,8524,121.442618,55.667,8458
warren2,85,4,2650,121.138172,54.523,13891
warren2,85,4,2811,124.721466,55.039,12488
warren2,85,4,9963,122.022008,54.397,11432
warren2,85,4,7537,124.043702,54.739,3285
warren2,85,4,3472,124.460408,54.502,14036
warren2,85,4,3714,120.420538,54.957,12124
warren2,85,4,8158,122.898808,54.883,12217
warren2,85,4,7284,121.605302,54.049,13444
warren2,85,4,6948,122.01849,55.521,10207
warren2,85,4,6119,121.605302,54.735,5920
warren2,85,4,5253,122.442232,53.915,3345
warren2,85,4,5134,124.877114,54.664,12972
warren2,85,4,7350,123.163384,55.17,6610
warren2,85,4,2652,121.605302,54.217,7864
warren2,85,4,9968,123.163384,53.876,5825
warren2,85,4,3914,124.301242,54.044,9908
warren2,85,4,6899,124.460408,54.882,7580
warren2,85,4,4715,122.022008,53.627,351
warren2,85,8,8115,70.779198,57.231,12685
warren2,85,8,3520,70.362492,54.578,7526
warren2,85,8,8647,70.822586,56.575,6805
warren2,85,8,9420,71.655998,54.99,13444
warren2,85,8,3116,71.920574,54.912,4193
warren2,85,8,6377,70.362492,54.785,12382
warren2,85,8,6207,70.822586,54.945,7877
warren2,85,8,4187,72.380668,54.93,2865
warren2,85,8,3641,66.779198,55.638,3047
warren2,85,8,8591,68.800892,54.768,2245
warren2,85,8,3580,69.217598,60.799,14863
warren2,85,8,8524,69.93875,56.346,3132
warren2,85,8,2650,70.779198,54.375,10809
warren2,85,8,2811,70.362492,56.483,46
warren2,85,8,9963,71.960444,56.005,10387
warren2,85,8,7537,69.221116,55.2,2628
warren2,85,8,3472,68.800892,54.513,8865
warren2,85,8,3714,70.779198,55.973,2945
warren2,85,8,8158,69.942268,55.19,9448
warren2,85,8,7284,69.942268,56.673,11068
warren2,85,8,6948,72.797374,54.353,6616
warren2,85,8,6119,68.800892,55.041,998
warren2,85,8,5253,72.384186,55.454,3815
warren2,85,8,5134,73.217598,55.262,2834
warren2,85,8,7350,73.518526,56.029,8333
warren2,85,8,2652,70.782716,55.874,12712
warren2,85,8,9968,72.07974,56.462,4513
warren2,85,8,3914,70.097916,56.352,4884
warren2,85,8,6899,73.10182,57.08,11239
warren2,85,8,4715,70.822586,58.495,5332
warren3,111,2,8115,303.96459,85.513,948
warren3,111,2,3520,304.384814,85.857,3044
warren3,111,2,8647,302.823214,84.792,5986
warren3,111,2,9420,302.823214,85.428,6212
warren3,111,2,3116,303.96459,87.36,1393
warren3,111,2,6377,303.660144,86.503,4192
warren3,111,2,6207,303.961072,85.422,571
warren3,111,2,4187,303.243438,87.233,10008
warren3,111,2,3641,304.384814,86.49,8852
warren3,111,2,8591,302.823214,86.066,1484
warren3,111,2,3580,303.544366,85.958,1265
warren3,111,2,8524,303.656626,87.127,14030
warren3,111,2,2650,303.700014,85.878,4099
warren3,111,2,2811,304.80152,85.901,10938
warren3,111,2,9963,301.63845,87.053,7654
warren3,111,2,7537,305.67832,85.293,1639
warren3,111,2,3472,303.131178,84.46,5913
warren3,111,2,3714,304.428202,85.417,10975
warren3,111,2,8158,305.38091,86.924,4935
warren3,111,2,7284,305.261614,85.857,2763
warren3,111,2,6948,303.544366,85.353,10458
warren3,111,2,6119,303.96459,84.769,474
warren3,111,2,5253,304.424684,85.02,5992
warren3,111,2,5134,303.663662,84.932,6032
warren3,111,2,7350,305.681838,87.264,902
warren3,111,2,2652,305.265132,85.287,3211
warren3,111,2,9968,304.84139,85.585,6648
warren3,111,2,3914,303.23992,85.669,11794
warren3,111,2,6899,303.23992,84.712,4674
warren3,111,2,4715,305.261614,85.01,5713
warren3,111,4,8115,156.761336,85.818,8447
warren3,111,4,3520,162.366324,86.442,1407
warren3,111,4,8647,161.486006,85.17,4537
warren3,111,4,9420,161.22143,85.736,2102
warren3,111,4,3116,160.301242,85.657,7192
warren3,111,4,6377,161.641654,85.794,8498
warren3,111,4,6207,162.05836,86.009,2628
warren3,111,4,4187,161.22143,85.932,2883
warren3,111,4,3641,160.341112,86.671,14567
warren3,111,4,8591,161.22143,86.281,2681
warren3,111,4,3580,158.061878,87.6,4665
warren3,111,4,8524,156.913466,85.963,2862
warren3,111,4,2650,159.203254,86.488,2921
warren3,111,4,2811,161.22143,86.597,14215
warren3,111,4,9963,160.801206,87.631,5205
warren3,111,4,7537,160.804724,88.455,6734
warren3,111,4,3472,158.521972,86.375,1392
warren3,111,4,3714,158.78303,85.18,11842
warren3,111,4,8158,158.78303,85.955,4021
warren3,111,4,7284,162.362806,85.689,5244
warren3,111,4,6948,161.22143,85.172,6965
warren3,111,4,6119,161.18156,86.957,650
warren3,111,4,5253,158.319418,84.549,1247
warren3,111,4,5134,161.638136,85.062,6703
warren3,111,4,7350,158.362806,85.661,14009
warren3,111,4,2652,160.500278,86.008,3913
warren3,111,4,9968,161.22143,86.262,13948
warren3,111,4,3914,155.206772,85.73,2414
warren3,111,4,6899,159.924406,86.446,5806
warren3,111,4,4715,160.34463,87.298,4086
warren3,111,8,8115,91.963962,86.31,8775
warren3,111,8,3520,91.960444,86.739,4477
warren3,111,8,8647,91.956926,88.95,10100
warren3,111,8,9420,89.93875,88.028,6180
warren3,111,8,3116,91.960444,85.836,12211
warren3,111,8,6377,95.543738,88.801,1226
warren3,111,8,6207,92.116092,86.76,13789
warren3,111,8,4187,90.822586,88.864,12938
warren3,111,8,3641,92.840762,88.095,13116
warren3,111,8,8591,93.10182,90.523,13599
warren3,111,8,3580,93.565432,88.375,13291
warren3,111,8,8524,92.80441,88.275,4521
warren3,111,8,2650,92.840762,86.244,4535
warren3,111,8,2811,92.840762,86.847,12913
warren3,111,8,9963,92.800892,86.738,10300
warren3,111,8,7537,94.398844,86.638,5302
warren3,111,8,3472,90.402362,87.441,14625
warren3,111,8,3714,92.373632,89.115,1925
warren3,111,8,8158,92.840762,87.271,6114
warren3,111,8,7284,92.797374,87.087,11961
warren3,111,8,6948,93.677692,89.7,8691
warren3,111,8,6119,92.840762,87.813,10818
warren3,111,8,5253,94.819068,93.66,5457
warren3,111,8,5134,94.398844,87.723,9527
warren3,111,8,7350,91.543738,87.4,5949
warren3,111,8,2652,91.239292,86.99,10735
warren3,111,8,9968,93.982138,87.364,3680
warren3,111,8,3914,94.402362,86.926,12238
warren3,111,8,6899,93.677692,86.952,991
warren3,111,8,4715,94.402362,86.154,3431
warren4,137,2,8115,375.624106,130.131,10653
warren4,137,2,3520,375.203882,129.115,2993
warren4,137,2,8647,374.902954,128.75,12171
warren4,137,2,9420,377.642282,130.061,9895
warren4,137,2,3116,377.182188,129.314,11513
warren4,137,2,6377,376.461036,129.389,14994
warren4,137,2,6207,379.203882,129.706,3234
warren4,137,2,4187,375.203882,127.107,12327
warren4,137,2,3641,371.624106,130.335,11891
warren4,137,2,8591,376.040812,128.39,5637
warren4,137,2,3580,375.624106,128.343,2527
warren4,137,2,8524,376.087718,129.506,7888
warren4,137,2,2650,374.323564,128.015,10000
warren4,137,2,2811,375.203882,128.511,1764
warren4,137,2,9963,378.475694,128.755,7261
warren4,137,2,7537,375.203882,129.382,8901
warren4,137,2,3472,375.624106,130.094,14252
warren4,137,2,3714,376.345258,127.834,10079
warren4,137,2,8158,375.620588,127.805,5596
warren4,137,2,7284,377.6458,130.632,12809
warren4,137,2,6948,375.624106,130.953,1345
warren4,137,2,6119,374.743788,130.395,5726
warren4,137,2,5253,373.6458,128.652,13322
warren4,137,2,5134,377.182188,127.534,12294
warren4,137,2,7350,377.602412,129.403,11791
warren4,137,2,2652,377.90334,130.34,7372
warren4,137,2,9968,375.31966,128.922,6458
warren4,137,2,3914,375.203882,128.233,7316
warren4,137,2,6899,372.765482,131.238,3194
warren4,137,2,4715,374.066024,130.317,9865
warren4,137,4,8115,195.236088,128.929,4180
warren4,137,4,3520,197.142004,129.719,861
warren4,137,4,8647,198.8229,129.537,11764
warren4,137,4,9420,197.982452,129.672,1059
warren4,137,4,3116,197.681524,131.443,14660
warren4,137,4,6377,199.960758,130.194,6607
warren4,137,4,6207,198.815864,133.52,2235
warren4,137,4,4187,198.779512,130.211,7931
warren4,137,4,3641,195.964276,133.213,12809
warren4,137,4,8591,195.960758,133.996,5456
warren4,137,4,3580,193.982452,134.014,9523
warren4,137,4,8524,197.562228,133.133,12511
warren4,137,4,2650,199.54757,131.734,5837
warren4,137,4,2811,196.960372,130.782,1558
warren4,137,4,9963,199.540534,130.826,6091
warren4,137,4,7537,198.826418,130.615,8774
warren4,137,4,3472,198.09823,133.118,9352
warren4,137,4,3714,199.544052,135.238,6330
warren4,137,4,8158,199.123828,131.549,8777
warren4,137,4,7284,197.2613,131.871,8946
warren4,137,4,6948,196.804724,130.952,11447
warren4,137,4,6119,199.54757,131.571,4181
warren4,137,4,5253,194.402676,133.333,13517
warren4,137,4,5134,198.35577,131.274,3525
warren4,137,4,7350,196.797688,134.876,13151
warren4,137,4,2652,199.964276,132.007,8932
warren4,137,4,9968,194.558324,130.253,9561
warren4,137,4,3914,194.402676,131.111,6247
warren4,137,4,6899,193.678006,129.534,2448
warren4,137,4,4715,197.2613,133.41,4618
warren4,137,8,8115,113.257468,130.934,3101
warren4,137,8,3520,112.000314,130.902,6571
warren4,137,8,8647,113.982138,130.417,13431
warren4,137,8,9420,116.88415,130.659,10256
warren4,137,8,3116,113.558396,132.288,7284
warren4,137,8,6377,116.41702,128.947,4253
warren4,137,8,6207,112.420538,131.853,3733
warren4,137,8,4187,113.982138,131.157,11443
warren4,137,8,3641,115.28268,129.383,293
warren4,137,8,8591,112.424056,130.13,14836
warren4,137,8,3580,115.58009,130.399,7331
warren4,137,8,8524,115.279162,132.372,4354
warren4,137,8,2650,112.301242,131.358,6485
warren4,137,8,2811,117.561914,131.509,8063
warren4,137,8,9963,115.543738,129.378,5528
warren4,137,8,7537,115.841148,132.318,9449
warren4,137,8,3472,112.880632,130.933,411
warren4,137,8,3714,113.982138,130.09,10450
warren4,137,8,8158,111.699386,131.165,7847
warren4,137,8,7284,113.97862,130.946,13369
warren4,137,8,6948,116.003832,130.063,11193
warren4,137,8,6119,116.420538,131.391,10925
warren4,137,8,5253,114.70329,131.027,8588
warren4,137,8,5134,114.438714,132.379,2266
warren4,137,8,7350,116.00735,131.23,8430
warren4,137,8,2652,115.583608,130.159,12106
warren4,137,8,9968,113.982138,131.435,2827
warren4,137,8,3914,113.145208,129.983,10606
warren4,137,8,6899,113.982138,131.632,4476
warren4,137,8,4715,114.01849,130.434,13591
warren5,163,2,8115,444.004774,174.849,9083
warren5,163,2,3520,451.167844,172.759,4138
warren5,163,2,8647,445.559338,174.401,12018
warren5,163,2,9420,447.323492,174.027,9635
warren5,163,2,3116,449.566374,177.406,11345
warren5,163,2,6377,446.866916,175.843,5050
warren5,163,2,6207,447.58455,174.531,5918
warren5,163,2,4187,448.725926,176.634,9697
warren5,163,2,3641,450.029986,176.409,5342
warren5,163,2,8591,448.729444,177.23,9873
warren5,163,2,3580,452.004774,175.312,3682
warren5,163,2,8524,450.443174,174.027,7721
warren5,163,2,2650,445.566374,180.548,12300
warren5,163,2,2811,446.399786,190.138,4662
warren5,163,2,9963,448.004774,200.39,3277
warren5,163,2,7537,448.001256,193.872,14348
warren5,163,2,3472,451.283622,190.815,2830
warren5,163,2,3714,449.566374,191.898,11477
warren5,163,2,8158,446.979176,195.527,4380
warren5,163,2,7284,445.14615,187.561,10391
warren5,163,2,6948,451.588068,187.835,10134
warren5,163,2,6119,449.25841,191.216,14616
warren5,163,2,5253,447.588068,194.401,14479
warren5,163,2,5134,444.424998,193.099,13733
warren5,163,2,7350,449.722022,191.372,8270
warren5,163,2,2652,447.167844,197.284,1065
warren5,163,2,9968,447.283622,197.263,1819
warren5,163,2,3914,449.301798,195.392,9244
warren5,163,2,6899,448.88861,195.323,14372
warren5,163,2,4715,445.14615,195.634,7741
warren5,163,4,8115,232.457204,191.407,8148
warren5,163,4,3520,235.62731,194.285,2208
warren5,163,4,8647,234.439028,193.459,10123
warren5,163,4,9420,236.460722,190.587,5904
warren5,163,4,3116,236.460722,187.566,4620
warren5,163,4,6377,236.417334,186.981,12266
warren5,163,4,6207,234.018804,184.468,4822
warren5,163,4,4187,229.145522,184.864,14934
warren5,163,4,3641,237.717876,185.301,12291
warren5,163,4,8591,231.580404,183.697,6166
warren5,163,4,3580,229.982452,185.039,5706
warren5,163,4,8524,238.022322,192.51,5123
warren5,163,4,2650,229.982452,196.192,14150
warren5,163,4,2811,234.022322,197.085,14051
warren5,163,4,9963,239.167216,196.332,13531
warren5,163,4,7537,236.004146,190.14,3986
warren5,163,4,3472,240.044016,189.704,2550
warren5,163,4,3714,237.982452,194.827,5058
warren5,163,4,8158,234.442546,181.808,434
warren5,163,4,7284,232.837558,184.767,3110
warren5,163,4,6948,234.442546,184.177,14822
warren5,163,4,6119,232.467758,185.988,5961
warren5,163,4,5253,232.420852,182.926,12462
warren5,163,4,5134,236.004146,184.288,2081
warren5,163,4,7350,237.142004,188.181,8571
warren5,163,4,2652,235.84498,178.106,11823
warren5,163,4,9968,235.580404,185.327,10010
warren5,163,4,3914,237.297652,181.467,148
warren5,163,4,6899,235.580404,180.015,9304
warren5,163,4,4715,239.540534,180.251,8925
warren5,163,8,8115,137.561914,188.749,7108
warren5,163,8,3520,138.01849,186.128,13070
warren5,163,8,8647,138.739642,194.862,12756
warren5,163,8,9420,135.159866,202.173,10253
warren5,163,8,3116,139.58009,197.96,9225
warren5,163,8,6377,135.159866,194.255,11189
warren5,163,8,6207,136.880632,193.717,9923
warren5,163,8,4187,136.724984,194.106,1709
warren5,163,8,3641,139.163384,198.448,10325
warren5,163,8,8591,133.297338,195.603,4787
warren5,163,8,3580,136.30476,197.033,1040
warren5,163,8,8524,136.724984,199.867,6562
warren5,163,8,2650,133.558396,195.681,4354
warren5,163,8,2811,129.97862,198.417,4602
warren5,163,8,9963,137.561914,190.096,1614
warren5,163,8,7537,135.58009,196.949,7809
warren5,163,8,3472,138.022008,196.05,1541
warren5,163,8,3714,136.000314,192.902,8931
warren5,163,8,8158,138.739642,192.222,2081
warren5,163,8,7284,139.159866,188.707,2401
warren5,163,8,6948,137.185078,189.091,3198
warren5,163,8,6119,134.326454,186.078,8134
warren5,163,8,5253,137.558396,187.688,14513
warren5,163,8,5134,137.601784,189.927,216
warren5,163,8,7350,138.746678,186.91,4316
warren5,163,8,2652,138.74316,189.434,7691
warren5,163,8,9968,134.022008,185.933,8056
warren5,163,8,3914,132.003832,188.212,14294
warren5,163,8,6899,136.721466,188.638,10452
warren5,163,8,4715,134.74316,194.048,13225